x,y
17.0,62.0
24.5,77.0
55.0,59.0
47.0,57.5
19.0,65.0
53.0,56.666666666666664
46.5,57.5
55.0,56.75
23.0,77.0
53.5,57.0
33.0,70.0
51.0,56.333333333333336
54.0,57.0
41.0,61.5
36.0,69.0
53.333333333333336,63.666666666666664
50.0,54.5
52.5,61.0
14.0,69.0
46.666666666666664,56.666666666666664
52.0,67.0
54.0,57.0
55.0,68.0
53.5,58.5
49.25,55.0
49.0,66.0
55.5,58.5
49.0,56.5
53.5,64.5
50.333333333333336,55.333333333333336
56.0,61.0
50.666666666666664,55.666666666666664
54.0,57.666666666666664
45.0,57.0
56.0,59.0
47.5,58.5
52.0,66.5
50.0,54.0
55.0,58.0
42.0,60.0
53.333333333333336,61.333333333333336
43.0,59.0
47.5,53.5
51.0,59.5
93.0,59.0
50.666666666666664,68.33333333333333
53.0,60.0
49.5,68.5
93.0,59.0
48.666666666666664,57.666666666666664
51.0,69.5
50.5,55.5
55.0,56.5
31.0,72.0
49.0,56.0
42.0,61.0
50.5,69.5
47.0,56.0
54.0,55.0
48.0,56.0
44.0,70.0
52.0,62.0
49.0,70.0
51.75,62.5
5.0,123.0
48.5,69.0
49.0,55.5
56.0,56.0
52.0,56.0
53.0,62.0
41.5,64.5
45.5,56.5
48.0,109.0
34.0,68.5
54.5,57.0
43.0,71.0
47.0,55.5
52.5,57.75
22.0,78.0
54.5,58.5
35.0,68.0
48.5,69.5
45.0,56.0
50.8,55.6
42.0,60.0
53.333333333333336,57.166666666666664
48.5,56.0
53.666666666666664,58.333333333333336
46.5,69.5
45.5,57.25
49.0,57.333333333333336
30.0,73.0
48.0,54.5
9.0,71.0
48.0,54.0
50.0,67.0
44.5,56.5
52.0,57.0
50.5,68.0
52.0,57.4
53.5,67.0
51.5,57.25
45.0,56.0
49.666666666666664,57.666666666666664
53.0,68.0
50.5,57.0
40.0,62.0
53.0,56.666666666666664
35.0,67.0
51.0,65.5
54.5,60.0
46.0,54.0
55.0,60.5
44.0,57.0
51.666666666666664,56.0
54.0,62.0
45.666666666666664,58.333333333333336
54.75,57.75
33.0,69.0
50.5,65.5
24.0,64.0
51.0,56.333333333333336
54.0,55.0
52.0,59.333333333333336
51.0,54.0
47.5,55.0
52.0,59.0
50.0,67.5
28.0,76.0
50.5,55.0
31.0,95.0
46.0,55.5
54.5,56.5
45.5,58.5
54.0,56.0
43.0,58.5
49.0,59.0
47.5,54.0
52.5,67.5
55.333333333333336,58.666666666666664
52.5,64.0
50.0,58.0
31.0,70.0
55.0,58.666666666666664
46.5,69.5
41.0,61.0
49.0,55.0
40.0,62.5
49.5,55.0
53.0,56.333333333333336
51.0,68.0
47.0,54.333333333333336
53.5,56.5
52.0,68.0
46.333333333333336,54.333333333333336
53.0,57.666666666666664
38.0,88.0
51.5,56.0
44.0,57.0
54.0,57.5
47.0,57.0
51.333333333333336,67.0
55.0,57.0
41.5,59.5
53.0,68.0
53.5,61.0
54.0,56.0
42.0,72.0
50.0,65.5
52.0,53.0
53.0,60.5
51.5,66.5
47.0,56.5
54.0,66.0
51.25,58.25
48.0,66.0
47.5,53.0
50.0,61.0
45.0,57.5
53.166666666666664,57.333333333333336
67.0,68.0
50.5,56.0
55.0,57.0
51.5,68.0
48.0,55.0
48.75,58.5
38.5,63.0
54.0,57.333333333333336
45.0,56.5
52.333333333333336,56.666666666666664
38.75,62.5
50.0,53.0
46.0,58.0
53.0,60.4
46.0,53.0
51.5,58.5
33.5,68.5
54.0,61.0
45.0,56.0
51.5,61.5
44.0,57.0
53.0,62.0
52.0,55.0
52.5,67.5
50.5,55.0
50.0,66.0
49.0,53.6
56.0,59.0
52.25,56.75
43.0,70.0
45.5,53.5
53.0,59.5
41.0,60.0
51.0,61.75
46.5,69.0
54.0,59.0
44.0,56.333333333333336
53.5,59.5
39.0,62.0
50.5,54.5
44.0,56.0
53.666666666666664,58.666666666666664
48.333333333333336,54.0
51.666666666666664,58.333333333333336
46.0,55.0
47.0,69.0
50.5,63.5
52.5,57.5
49.0,69.0
51.0,54.5
43.0,78.0
51.333333333333336,63.333333333333336
40.0,61.0
52.0,57.333333333333336
46.5,67.0
54.5,55.5
43.0,57.0
51.666666666666664,54.333333333333336
44.666666666666664,54.0
55.0,55.0
47.5,55.0
53.333333333333336,58.666666666666664
38.0,76.0
41.0,59.0
53.0,56.0
52.0,67.0
50.5,57.0
52.0,61.666666666666664
39.0,62.0
51.0,62.5
51.5,55.5
49.0,68.0
52.5,55.0
7.0,80.0
50.666666666666664,63.0
54.5,57.0
48.0,63.0
41.5,80.5
49.666666666666664,56.0
52.0,65.0
48.5,57.75
49.0,63.0
42.5,58.0
56.0,57.0
46.5,55.5
53.5,57.0
52.0,67.5
7.0,80.0
49.25,57.0
40.5,59.5
51.0,63.5
48.5,58.0
51.0,66.0
47.0,55.5
52.0,67.0
53.0,59.5
37.0,65.0
49.333333333333336,63.666666666666664
45.0,54.5
50.5,66.5
45.666666666666664,54.333333333333336
52.0,57.5
42.0,76.0
52.0,54.0
51.0,61.666666666666664
47.0,53.0
50.75,60.0
36.0,66.5
52.75,59.25
51.0,67.0
48.0,57.5
38.0,69.5
13.0,85.0
52.0,55.0
53.5,66.5
42.0,57.5
54.0,59.0
49.5,67.0
50.5,62.0
34.0,67.0
52.0,56.666666666666664
39.0,61.0
46.0,56.0
48.5,53.5
51.0,62.0
53.333333333333336,56.0
42.0,58.0
49.666666666666664,56.0
38.666666666666664,62.333333333333336
109.0,64.0
48.333333333333336,56.333333333333336
42.0,71.0
37.0,63.5
55.0,59.0
46.0,57.0
41.333333333333336,65.33333333333333
49.666666666666664,66.33333333333333
52.666666666666664,56.0
43.0,69.5
49.0,67.0
52.4,57.0
46.5,69.0
49.0,53.0
41.0,58.0
49.0,65.0
53.0,57.5
48.0,66.5
53.0,60.0
44.333333333333336,55.666666666666664
51.0,54.25
46.5,55.0
42.0,69.5
47.333333333333336,56.0
38.5,62.5
47.6,53.2
51.5,53.5
44.0,54.0
52.333333333333336,58.0
51.0,67.0
43.0,68.5
45.0,52.0
52.2,57.6
39.0,60.5
51.25,58.5
45.0,55.0
45.5,68.5
53.0,55.0
49.0,66.0
54.0,59.0
46.5,55.0
31.5,69.5
51.0,55.666666666666664
5.0,123.0
43.0,57.5
50.5,56.5
42.0,58.0
27.0,75.0
46.0,52.5
53.0,59.0
45.333333333333336,55.0
32.0,69.0
49.75,55.0
54.0,57.0
46.5,54.5
52.0,66.0
49.666666666666664,55.333333333333336
39.0,78.0
43.5,55.5
49.0,55.5
38.0,62.0
52.5,55.5
46.0,68.0
51.5,58.5
55.0,57.0
46.0,68.0
55.0,58.5
35.0,68.0
50.0,60.0
44.0,68.33333333333333
37.0,64.0
52.0,54.5
2.0,44.0
42.333333333333336,56.333333333333336
52.5,57.0
51.0,66.0
50.333333333333336,54.333333333333336
52.0,64.0
48.0,57.5
13.0,85.0
47.57142857142857,54.285714285714285
49.0,64.5
53.0,59.0
42.5,55.0
32.0,70.0
46.5,55.5
41.5,55.0
53.5,56.5
43.25,55.5
50.5,54.5
34.0,69.0
50.5,59.5
44.0,52.0
49.0,64.5
48.0,54.0
27.0,87.0
38.5,61.0
51.0,64.0
47.5,55.5
46.0,68.0
50.5,55.5
46.0,55.5
53.0,65.0
47.5,52.0
7.0,64.0
41.0,56.333333333333336
51.0,52.0
45.666666666666664,54.0
50.6,59.0
38.0,61.0
50.333333333333336,60.333333333333336
39.0,59.0
46.5,67.5
52.0,58.5
37.0,63.0
49.0,65.5
43.0,53.0
50.0,53.5
41.0,57.0
43.5,52.0
52.0,55.0
48.0,63.0
44.0,55.0
52.0,55.333333333333336
49.0,53.25
49.0,66.5
45.0,54.5
37.0,63.0
49.0,55.666666666666664
49.333333333333336,64.0
51.0,54.25
49.6,56.0
41.0,57.666666666666664
53.0,65.0
44.333333333333336,52.666666666666664
48.4,54.0
44.0,68.5
51.5,56.5
40.0,58.0
48.5,61.5
46.0,52.0
37.0,62.0
52.0,57.0
43.0,54.5
45.5,67.0
39.0,60.0
51.0,66.0
46.0,52.0
43.0,67.0
43.5,55.0
41.5,71.0
50.5,58.5
44.0,56.0
50.166666666666664,54.166666666666664
48.5,65.5
39.5,69.0
51.0,65.0
51.5,54.5
33.0,67.0
52.0,54.5
36.0,62.5
48.666666666666664,55.0
41.0,71.0
50.0,57.5
46.0,54.0
41.0,57.5
43.333333333333336,54.666666666666664
31.0,71.0
46.5,54.5
50.0,55.666666666666664
38.0,61.0
51.5,53.5
41.0,56.0
47.0,53.0
38.5,60.5
42.0,69.0
40.0,56.5
46.833333333333336,55.0
41.0,69.0
49.333333333333336,56.0
42.0,54.0
49.5,52.5
35.0,66.0
47.666666666666664,55.666666666666664
49.5,62.0
47.0,52.0
50.0,65.0
43.333333333333336,54.666666666666664
48.5,54.0
49.0,66.0
50.0,56.5
41.0,57.5
47.4,56.4
52.0,54.0
49.5,62.5
42.0,68.5
50.0,63.0
46.5,51.0
47.0,67.0
52.5,58.0
49.0,52.0
40.5,57.5
51.0,55.0
44.0,53.0
47.0,54.0
49.0,60.0
41.0,57.0
52.0,57.0
44.0,55.0
50.0,58.5
43.0,51.0
36.0,63.5
47.0,52.333333333333336
41.0,56.0
49.25,62.75
34.0,68.0
51.5,54.0
49.0,66.0
45.5,53.5
50.0,53.0
58.0,56.0
41.25,55.5
45.5,67.0
45.5,54.5
48.333333333333336,66.33333333333333
39.0,90.0
51.0,62.0
48.0,51.0
51.0,56.0
39.0,70.0
45.5,66.0
33.0,67.0
46.5,52.5
48.0,62.0
46.5,53.5
37.0,61.0
51.0,63.0
39.5,57.0
47.5,64.5
43.0,52.0
52.0,64.0
45.0,52.5
49.5,53.5
42.5,52.0
47.25,63.5
50.0,55.0
59.0,52.0
50.0,55.833333333333336
49.0,63.0
44.5,53.5
51.0,52.5
48.0,64.5
46.75,54.5
51.0,58.0
43.0,53.5
49.333333333333336,55.666666666666664
42.666666666666664,55.0
51.333333333333336,56.333333333333336
38.0,60.0
46.0,53.5
51.0,65.0
44.666666666666664,55.666666666666664
43.0,68.0
42.666666666666664,52.666666666666664
39.0,71.0
46.0,53.5
19.0,80.0
50.0,53.5
36.333333333333336,61.333333333333336
42.0,51.0
50.0,55.0
38.0,75.0
48.5,52.0
42.5,54.0
50.0,59.5
48.5,65.5
47.5,59.5
53.0,56.0
45.0,53.5
49.5,63.0
45.333333333333336,53.0
46.5,65.0
50.0,51.0
43.0,54.0
48.5,62.5
43.0,50.0
44.0,57.25
52.0,54.5
49.0,66.0
50.5,54.0
43.0,51.5
47.0,58.0
42.75,53.5
50.0,53.5
39.0,57.0
49.666666666666664,54.666666666666664
48.5,56.5
37.5,59.5
48.5,55.5
47.0,68.0
44.0,53.5
48.5,60.0
44.0,66.0
47.333333333333336,52.0
49.0,63.5
40.5,56.5
51.0,55.5
42.0,68.0
41.0,56.0
51.0,66.0
43.25,52.5
48.0,65.33333333333333
40.0,71.0
48.0,56.5
35.0,65.0
48.75,54.5
50.0,55.333333333333336
43.5,52.0
50.5,53.25
37.0,60.0
42.666666666666664,54.0
50.5,54.0
42.5,67.0
41.5,55.5
49.0,66.0
48.5,61.0
41.0,69.0
47.5,66.0
44.666666666666664,54.333333333333336
36.0,62.0
45.5,51.5
52.0,56.0
42.0,53.0
50.0,58.0
33.0,66.33333333333333
47.0,66.0
47.0,57.333333333333336
48.0,52.5
50.5,63.0
41.0,52.0
48.0,66.5
53.0,55.0
45.0,66.0
32.0,67.0
49.0,65.5
45.333333333333336,54.666666666666664
45.0,50.5
49.75,53.75
64.0,21.0
49.0,52.5
42.0,56.0
49.5,64.5
51.0,57.0
39.0,56.5
48.0,51.5
43.0,54.333333333333336
48.333333333333336,53.0
49.0,67.0
43.5,55.5
48.25,63.25
37.0,60.0
43.0,68.0
50.0,58.0
46.0,53.6
52.0,55.0
47.0,63.5
50.0,54.0
47.0,65.0
49.0,58.0
40.75,55.25
50.0,57.25
39.5,56.5
41.0,51.0
49.0,63.5
40.0,53.0
49.0,52.5
30.5,70.5
49.0,57.0
46.0,50.0
32.0,69.0
44.333333333333336,52.666666666666664
48.5,65.0
36.0,62.0
46.5,54.0
41.5,50.5
47.666666666666664,53.666666666666664
49.5,62.5
48.5,54.0
40.5,54.0
47.0,52.0
46.5,59.5
42.0,52.333333333333336
45.0,67.0
50.0,51.5
43.0,53.666666666666664
54.0,58.0
48.0,57.0
37.0,60.0
48.5,51.0
55.0,58.0
42.333333333333336,54.0
45.5,50.5
46.5,59.0
48.0,51.0
30.0,72.0
49.0,54.666666666666664
34.0,65.0
49.0,51.5
38.5,56.5
54.0,58.0
45.5,51.0
46.0,61.0
42.666666666666664,52.666666666666664
48.333333333333336,62.333333333333336
35.0,63.0
41.5,52.5
44.5,66.0
26.0,78.0
47.5,56.5
41.0,55.0
45.5,53.0
36.5,60.0
42.75,52.25
48.0,56.0
38.75,55.75
45.666666666666664,64.66666666666667
50.0,51.0
43.25,53.25
48.166666666666664,52.666666666666664
43.0,53.0
47.5,59.5
42.0,54.0
47.666666666666664,62.0
39.0,72.0
45.0,52.5
40.5,70.0
50.0,60.0
44.5,50.75
44.0,66.5
40.0,54.0
45.0,66.0
44.5,52.5
52.0,62.0
48.5,54.0
40.0,51.0
46.5,54.0
31.0,90.0
45.5,53.5
39.5,55.5
54.0,59.0
44.0,53.0
48.0,50.0
40.5,53.5
47.5,63.0
45.5,53.0
48.5,61.5
49.0,55.5
41.0,69.0
48.0,53.5
36.5,60.5
46.5,60.0
44.0,54.5
49.0,51.5
44.0,53.0
51.0,54.0
44.5,53.0
49.0,55.5
39.75,53.25
45.5,65.0
46.0,50.5
51.0,62.0
35.5,63.0
47.5,59.0
42.5,51.0
46.0,65.0
38.0,71.0
40.0,53.5
33.0,64.0
44.0,52.333333333333336
49.0,53.0
49.0,63.5
45.25,52.75
54.0,54.0
46.0,65.0
45.333333333333336,52.333333333333336
61.0,49.0
35.5,62.0
46.25,57.5
39.0,55.0
45.333333333333336,64.66666666666667
42.5,50.0
32.0,66.0
46.5,51.833333333333336
43.0,67.0
49.0,51.5
38.5,54.0
48.5,53.0
41.5,51.0
37.0,65.0
41.5,51.0
41.0,67.0
46.333333333333336,59.0
47.0,50.0
39.5,71.0
46.0,51.0
48.0,61.0
38.5,54.0
46.0,56.0
44.0,64.5
41.0,49.0
46.857142857142854,53.285714285714285
41.333333333333336,53.0
39.0,71.0
45.0,55.0
39.0,52.0
44.5,51.5
30.0,70.0
48.0,55.0
37.5,58.0
46.5,61.5
46.666666666666664,52.666666666666664
29.0,73.0
41.5,50.5
42.0,66.0
15.0,51.0
41.0,54.0
48.0,53.5
39.0,71.5
45.5,51.5
40.0,55.0
48.0,59.0
40.0,52.0
47.666666666666664,53.0
8.0,69.0
48.0,64.0
40.0,74.0
47.5,56.5
47.0,65.0
43.0,53.5
27.0,76.0
43.0,55.25
28.0,71.0
49.5,53.0
40.0,51.5
46.5,57.0
36.0,58.0
49.0,51.5
32.0,66.0
46.5,52.0
38.5,53.0
44.5,50.5
47.0,56.5
46.0,51.0
49.0,57.0
37.5,55.5
39.0,73.0
46.0,51.75
41.0,50.0
46.0,54.5
41.0,65.0
47.5,63.5
41.0,51.0
49.0,54.0
15.0,51.0
46.5,51.5
45.0,61.0
42.333333333333336,52.333333333333336
49.0,55.0
42.5,53.5
39.0,69.0
48.0,55.5
52.0,70.0
46.0,52.333333333333336
49.0,60.0
40.0,52.333333333333336
47.0,63.0
40.5,52.0
34.0,63.0
41.0,54.666666666666664
48.0,57.0
46.5,64.0
45.0,55.5
47.5,64.0
48.0,53.0
46.5,62.0
47.5,52.5
39.0,50.0
39.5,54.0
44.6,53.0
48.333333333333336,61.0
38.5,52.5
45.5,57.5
42.75,51.0
42.0,66.0
44.666666666666664,51.666666666666664
46.0,63.333333333333336
50.0,52.0
42.0,51.666666666666664
35.0,60.0
50.0,58.0
43.5,53.5
47.4,55.2
41.0,53.0
47.0,62.0
47.5,54.5
53.0,69.0
44.0,55.5
69.0,57.0
41.0,51.75
87.0,44.0
43.5,52.25
47.0,62.0
34.0,64.0
42.5,50.5
44.0,56.5
41.0,51.333333333333336
39.0,34.0
47.5,51.5
39.0,70.0
46.0,54.0
47.5,54.5
75.0,56.0
46.6,50.8
47.0,60.0
43.0,51.5
47.0,64.0
39.0,49.5
35.0,59.0
45.0,50.666666666666664
42.0,66.0
36.333333333333336,56.666666666666664
45.666666666666664,54.333333333333336
38.0,52.0
45.5,62.0
44.5,54.0
47.0,63.0
38.666666666666664,52.0
35.0,60.0
46.5,60.0
47.0,52.5
46.5,63.5
43.2,51.4
47.0,56.0
48.0,50.5
31.0,69.0
44.5,53.5
42.5,66.5
43.666666666666664,52.666666666666664
44.5,63.0
45.5,52.0
38.333333333333336,53.333333333333336
5.0,50.0
46.5,50.5
35.0,59.5
45.333333333333336,49.666666666666664
46.0,55.5
39.0,49.0
47.5,52.5
39.0,51.75
45.0,61.0
40.5,51.25
45.5,50.0
50.0,53.0
49.0,59.333333333333336
41.0,52.0
37.44444444444444,56.0
31.0,65.0
48.0,52.5
32.5,65.5
28.0,72.0
48.5,53.5
45.0,59.0
41.0,53.0
43.5,64.5
38.0,72.0
44.0,51.5
48.5,59.0
73.0,60.0
46.0,51.5
35.0,61.0
47.0,52.5
37.0,60.0
47.0,57.25
46.0,48.0
47.666666666666664,59.666666666666664
59.0,66.0
44.0,63.0
41.5,52.0
39.0,66.0
45.5,50.5
36.0,56.0
47.5,52.0
35.0,60.0
45.0,56.0
40.0,51.5
31.5,67.0
41.666666666666664,50.666666666666664
46.0,61.0
47.666666666666664,52.666666666666664
34.0,64.0
41.5,56.5
38.0,67.0
45.0,51.5
35.0,58.0
44.8,54.6
71.0,125.0
44.0,62.5
48.0,59.0
43.5,51.5
49.0,53.0
40.5,50.0
47.0,53.0
35.0,90.0
33.5,63.0
46.333333333333336,50.0
44.5,62.5
41.5,51.0
46.5,56.5
40.0,65.0
40.0,52.0
45.0,58.0
37.5,50.0
28.0,89.0
46.0,60.5
44.666666666666664,51.0
37.0,53.0
46.666666666666664,61.0
44.0,48.0
38.0,52.0
49.0,60.0
38.666666666666664,53.0
26.0,87.0
45.333333333333336,51.0
34.0,62.0
43.5,50.5
15.0,78.0
37.5,54.0
46.0,63.5
26.0,78.0
48.333333333333336,60.666666666666664
41.5,50.0
41.0,65.0
46.0,53.5
43.0,51.5
46.0,57.5
38.0,71.0
46.5,62.0
34.0,63.0
35.5,55.5
48.0,50.0
46.0,55.0
39.0,54.0
44.5,54.5
38.666666666666664,50.666666666666664
34.0,61.0
42.333333333333336,52.0
34.0,60.0
39.0,68.5
47.0,61.333333333333336
41.75,53.0
44.5,57.5
43.333333333333336,51.666666666666664
45.5,62.0
43.0,52.666666666666664
37.0,51.0
30.0,68.0
46.5,53.5
38.666666666666664,56.0
41.5,48.5
38.0,53.0
45.5,51.5
36.75,53.5
47.0,59.0
44.0,64.0
36.5,51.5
46.0,49.0
38.5,69.5
44.0,50.666666666666664
40.5,66.5
47.666666666666664,53.0
31.0,66.0
35.5,54.5
30.0,69.5
39.5,51.5
46.0,59.0
38.5,50.5
46.5,50.5
63.0,56.0
44.0,55.5
46.5,50.5
34.0,60.0
45.5,58.0
37.5,52.0
43.0,64.0
43.5,52.0
28.0,72.0
47.0,50.5
29.0,72.0
40.0,49.666666666666664
46.0,51.0
34.0,59.0
43.5,63.5
49.0,50.0
39.666666666666664,50.333333333333336
46.0,53.333333333333336
48.0,58.0
40.875,51.0
46.833333333333336,51.666666666666664
35.0,55.666666666666664
43.5,49.5
37.0,55.0
41.0,64.0
37.666666666666664,54.0
45.666666666666664,51.0
46.0,59.333333333333336
30.0,67.0
45.5,59.5
41.5,52.0
46.0,49.0
45.75,57.75
44.0,48.5
31.0,64.0
44.25,49.75
27.0,73.0
37.0,52.0
45.0,53.0
38.0,50.333333333333336
45.0,53.0
70.0,56.0
45.5,59.0
35.5,53.0
44.666666666666664,50.666666666666664
35.0,56.0
44.5,51.5
38.0,72.0
45.5,52.5
40.5,51.0
27.0,74.0
44.0,53.0
40.5,51.5
33.0,67.0
38.666666666666664,49.333333333333336
32.5,62.0
37.0,52.0
33.0,62.0
41.5,51.5
44.0,55.5
36.0,50.0
41.5,54.0
33.5,61.0
44.5,51.0
35.0,55.0
46.0,51.0
45.0,59.0
39.5,48.5
48.0,59.5
32.0,63.0
44.333333333333336,58.333333333333336
36.0,55.5
44.0,62.0
38.0,52.5
46.5,52.5
34.5,55.5
36.0,50.0
43.0,57.0
29.0,73.0
44.0,51.0
39.0,51.0
45.0,50.5
9.0,55.0
44.833333333333336,52.666666666666664
36.0,51.0
42.5,64.0
30.0,69.0
45.0,55.5
13.0,48.0
44.0,50.5
40.0,67.0
45.5,52.0
41.0,65.0
41.5,49.0
44.0,62.0
35.5,55.0
36.0,50.0
47.0,56.5
36.5,53.5
39.0,50.0
44.0,59.0
44.5,50.5
35.0,56.0
42.333333333333336,51.0
31.333333333333332,63.333333333333336
34.0,57.0
39.5,52.0
34.0,62.0
40.5,50.5
44.5,60.0
47.0,50.0
35.5,56.5
35.5,51.5
35.5,65.5
46.0,53.0
41.0,51.5
33.0,61.0
42.5,48.0
54.0,96.0
38.8,53.4
30.0,68.0
44.0,48.5
27.0,72.0
36.5,51.5
44.0,58.5
43.0,47.0
39.5,49.0
31.0,63.0
43.333333333333336,51.666666666666664
34.0,57.0
46.0,57.5
35.0,53.5
35.0,60.0
35.0,86.0
44.5,59.0
35.0,61.0
44.25,54.0
41.333333333333336,51.0
45.0,62.0
46.0,52.5
33.0,59.0
43.0,52.333333333333336
9.0,55.0
31.5,66.0
45.0,48.0
36.75,52.75
46.0,51.0
46.0,56.666666666666664
40.666666666666664,49.666666666666664
30.0,68.5
39.0,51.0
30.0,66.0
45.0,51.0
40.0,65.0
36.5,51.5
44.5,49.5
46.0,57.0
39.0,48.5
43.0,53.666666666666664
40.0,47.0
47.5,53.5
41.0,54.0
38.5,48.0
34.0,56.0
44.0,57.5
42.0,49.0
35.0,52.0
75.0,51.0
45.0,57.0
44.0,48.5
39.0,66.0
40.0,51.0
45.0,48.0
41.0,49.0
44.666666666666664,58.666666666666664
34.0,57.0
45.0,57.0
43.666666666666664,49.666666666666664
44.0,61.0
40.333333333333336,51.0
35.0,49.0
40.5,50.5
38.0,74.0
37.6,51.2
9.0,49.0
42.5,50.5
44.0,64.0
40.5,48.5
37.0,65.0
42.0,53.0
37.0,48.0
44.0,50.6
39.0,53.0
39.0,65.0
44.0,54.5
34.0,53.0
44.666666666666664,50.666666666666664
39.0,64.0
39.0,48.0
44.0,60.0
38.6,53.4
46.0,58.5
45.666666666666664,53.333333333333336
39.25,52.0
33.0,59.5
42.0,63.0
40.5,50.0
37.666666666666664,51.333333333333336
42.666666666666664,51.333333333333336
35.0,52.5
42.0,46.0
36.0,50.0
43.4,56.0
42.0,51.0
36.333333333333336,49.666666666666664
40.0,64.0
43.0,52.5
18.0,50.0
36.5,55.0
60.0,48.5
43.0,47.0
39.666666666666664,50.333333333333336
34.0,57.0
43.0,49.666666666666664
32.5,59.5
42.5,54.0
27.0,74.0
45.0,56.0
34.75,52.75
43.0,59.5
32.0,62.0
35.5,50.5
44.0,54.333333333333336
31.0,63.0
40.0,49.5
60.0,49.0
43.5,56.5
37.0,50.5
47.0,57.0
39.0,51.0
44.5,49.0
39.333333333333336,48.666666666666664
73.0,56.0
40.666666666666664,49.333333333333336
3.0,69.0
42.666666666666664,51.0
36.0,52.0
42.0,47.0
61.0,63.0
35.333333333333336,49.333333333333336
41.5,62.5
36.0,48.0
33.0,56.5
41.5,54.5
30.0,90.0
34.0,54.0
43.0,52.625
53.0,78.0
40.0,63.0
32.0,63.0
45.0,52.0
35.75,49.5
30.0,67.0
43.0,58.5
35.0,50.0
41.0,46.0
42.75,51.5
33.333333333333336,55.333333333333336
9.0,84.0
32.5,61.0
41.0,52.2
32.0,62.0
35.0,48.5
42.5,51.0
39.0,46.0
38.0,51.5
45.5,56.5
36.0,53.5
43.0,49.0
44.5,59.0
42.333333333333336,51.0
40.666666666666664,49.333333333333336
44.0,60.0
33.5,52.0
45.0,49.0
42.0,59.5
47.0,76.0
42.0,49.5
75.0,56.0
35.0,51.0
44.333333333333336,53.333333333333336
33.0,54.0
40.0,49.333333333333336
27.0,73.0
39.666666666666664,52.0
28.0,69.0
43.0,50.5
42.5,57.0
39.5,50.5
40.5,60.0
34.0,52.5
43.666666666666664,57.666666666666664
38.0,67.0
34.5,50.0
41.5,52.5
42.0,62.0
35.2,50.8
40.0,47.0
45.0,92.0
42.6,50.6
36.5,51.0
33.0,76.0
40.0,48.75
40.0,63.0
42.0,52.5
11.0,83.0
42.5,51.5
33.0,52.0
40.0,53.0
32.5,60.0
37.0,48.0
42.333333333333336,53.0
36.333333333333336,49.0
43.0,53.0
40.5,48.0
40.5,59.0
35.0,50.0
45.0,57.5
44.5,50.0
44.0,59.0
33.0,57.5
34.666666666666664,51.666666666666664
41.5,47.5
37.0,50.5
42.0,49.0
34.666666666666664,49.333333333333336
42.666666666666664,52.333333333333336
42.0,60.0
32.0,56.0
40.0,49.666666666666664
15.0,47.0
34.5,50.25
45.0,55.0
36.0,49.0
40.5,63.0
29.0,65.0
32.5,57.0
43.0,53.5
72.0,60.0
34.666666666666664,49.0
45.0,56.5
35.666666666666664,50.0
38.0,71.0
38.4,51.2
43.0,59.5
40.0,51.0
35.0,68.0
43.5,53.5
41.0,46.0
36.2,48.4
42.5,49.0
31.5,57.5
34.5,53.5
40.0,63.0
39.5,46.5
42.0,49.5
43.0,59.0
40.0,46.5
5.0,46.0
41.666666666666664,52.666666666666664
40.0,64.0
44.0,55.5
39.0,64.0
42.5,55.5
33.0,56.0
35.666666666666664,47.333333333333336
26.0,78.0
37.5,49.5
32.5,55.0
43.0,56.0
40.333333333333336,49.0
42.0,53.5
31.0,61.0
41.0,46.0
33.0,51.0
28.0,69.0
37.166666666666664,48.0
29.0,66.0
37.333333333333336,49.666666666666664
27.0,70.0
41.0,47.5
30.0,63.0
33.0,48.0
43.0,50.5
34.0,48.5
36.0,72.0
37.0,48.0
32.0,53.0
39.142857142857146,51.0
31.0,58.5
43.5,56.0
44.0,46.5
34.5,52.5
40.0,90.0
39.5,47.5
42.0,57.5
41.5,50.0
28.0,70.0
42.0,48.0
21.0,61.0
38.0,47.5
39.5,52.0
34.0,52.0
39.666666666666664,52.333333333333336
41.333333333333336,56.666666666666664
42.0,48.5
29.5,66.0
40.5,46.0
41.0,56.0
42.333333333333336,49.333333333333336
34.0,50.333333333333336
37.0,70.0
40.5,47.0
21.0,61.0
42.0,55.5
42.5,49.5
44.0,60.0
31.5,54.0
6.0,74.0
36.0,48.5
45.0,48.0
42.0,59.0
41.0,91.0
37.4,47.6
40.0,56.0
38.0,47.5
42.0,52.0
27.0,74.5
34.5,50.5
75.0,50.0
39.0,47.5
34.0,53.0
42.5,49.5
40.5,60.0
39.0,53.5
31.0,57.0
39.0,46.5
36.5,72.5
32.0,53.0
38.0,47.5
41.0,58.5
34.0,49.75
32.0,56.0
41.5,54.5
32.0,48.0
43.5,57.0
41.0,61.0
38.0,50.5
40.0,47.0
27.5,69.5
38.5,48.5
43.0,56.5
17.0,62.0
41.2,53.2
101.0,36.0
40.5,50.5
31.0,60.0
42.0,55.0
41.5,48.5
43.5,55.5
32.0,48.0
38.333333333333336,63.0
43.0,55.5
41.0,49.0
30.0,51.5
37.0,70.0
40.5,58.0
35.75,49.25
41.0,59.0
41.0,50.0
125.0,81.0
31.5,57.0
32.666666666666664,50.333333333333336
35.0,69.0
31.0,57.5
35.0,49.0
43.0,57.5
33.0,49.0
40.5,54.0
22.0,78.0
30.0,50.0
36.0,48.0
41.333333333333336,54.666666666666664
37.5,65.0
17.0,62.0
41.4,53.8
29.0,64.0
36.857142857142854,48.285714285714285
15.0,79.0
40.0,53.5
33.333333333333336,51.0
38.5,46.5
40.5,50.0
41.0,59.5
32.0,57.0
40.333333333333336,54.0
37.0,61.0
36.0,52.0
39.5,47.5
33.0,53.0
33.5,46.5
39.5,59.0
37.5,46.5
37.5,50.5
33.5,53.5
40.0,45.0
39.25,50.75
9.0,49.0
32.0,51.0
41.0,49.0
32.5,52.25
37.0,69.0
31.0,53.5
30.5,61.5
32.0,49.5
30.0,58.0
42.5,55.5
39.333333333333336,47.0
33.0,53.0
40.5,48.5
43.0,57.0
40.0,61.5
31.0,56.0
33.5,49.5
9.0,49.0
41.5,54.0
35.333333333333336,49.0
40.5,53.0
36.333333333333336,50.0
31.0,61.0
33.5,50.0
41.0,55.5
42.0,89.0
37.5,47.5
36.0,74.0
36.5,47.0
30.333333333333332,57.0
41.0,60.0
41.5,49.5
32.5,48.25
39.5,57.5
37.5,48.5
30.0,58.0
40.5,58.5
39.333333333333336,51.0
15.0,47.0
40.333333333333336,54.666666666666664
36.0,48.0
31.0,54.0
36.5,48.0
40.5,54.0
31.0,49.0
40.5,60.0
33.0,49.0
36.0,63.0
38.5,49.5
42.5,57.0
31.0,53.0
37.666666666666664,49.0
39.0,62.0
33.0,50.0
36.0,70.0
40.5,54.5
34.75,48.75
30.0,89.0
39.0,50.5
54.0,52.0
35.0,49.666666666666664
39.5,61.5
112.0,63.0
42.666666666666664,53.666666666666664
37.0,71.0
30.5,57.5
15.0,47.0
37.5,45.0
26.0,72.0
37.833333333333336,50.833333333333336
31.666666666666668,49.333333333333336
42.0,55.0
35.0,48.0
30.5,54.5
40.0,60.0
31.5,51.0
40.0,55.0
38.666666666666664,48.666666666666664
31.0,60.0
40.0,59.5
33.0,47.5
91.0,34.0
36.666666666666664,47.666666666666664
42.0,54.5
35.25,47.5
27.0,71.0
33.5,50.0
36.0,64.0
30.0,62.0
39.0,48.5
40.5,56.5
112.0,63.0
40.0,47.5
28.0,65.0
38.0,50.5
32.0,82.0
30.666666666666668,54.333333333333336
39.5,48.0
34.0,50.0
30.333333333333332,54.333333333333336
39.0,53.5
30.5,59.5
38.25,46.5
35.0,52.0
38.0,62.5
33.333333333333336,48.333333333333336
5.0,80.0
42.0,54.0
39.0,61.0
38.333333333333336,50.666666666666664
36.0,46.666666666666664
42.0,73.0
37.0,47.666666666666664
30.0,52.0
40.5,52.5
30.0,62.0
40.5,53.5
31.666666666666668,50.0
39.0,46.0
37.0,65.0
32.5,48.5
26.0,73.0
30.666666666666668,52.333333333333336
35.5,48.0
32.0,50.0
30.0,59.5
39.0,57.5
36.0,50.5
30.0,49.5
40.0,52.5
30.666666666666668,50.333333333333336
38.0,48.5
34.5,50.0
40.0,54.0
34.666666666666664,50.0
40.0,58.0
33.666666666666664,47.0
30.0,63.0
40.0,48.5
37.0,71.0
40.0,46.5
37.666666666666664,62.666666666666664
37.333333333333336,48.0
30.0,55.0
39.0,57.0
35.0,49.0
39.5,58.0
32.0,50.333333333333336
30.5,51.5
44.5,89.5
39.5,52.5
52.0,76.0
38.5,49.5
30.666666666666668,50.0
37.0,63.0
34.0,47.666666666666664
39.5,61.0
36.0,71.0
38.666666666666664,52.666666666666664
36.5,70.5
25.0,71.0
33.5,50.5
29.0,58.5
30.0,67.0
32.5,49.5
39.333333333333336,53.0
34.0,49.5
29.5,65.0
38.0,46.0
37.0,64.5
30.333333333333332,51.333333333333336
29.0,59.5
40.0,56.0
36.0,71.0
35.666666666666664,48.333333333333336
40.0,56.0
30.0,48.0
29.0,56.0
35.5,46.5
41.0,55.0
31.5,50.0
36.5,49.5
30.0,58.0
34.666666666666664,49.333333333333336
40.5,61.5
36.75,48.25
29.0,63.0
40.0,53.0
31.5,51.5
40.0,86.0
34.0,46.0
67.0,45.0
34.666666666666664,47.333333333333336
47.5,47.0
29.5,54.5
109.0,47.0
40.5,52.0
37.0,71.0
40.0,56.0
37.0,62.666666666666664
30.5,50.0
36.0,45.5
29.0,57.5
40.0,58.0
30.0,50.333333333333336
40.0,57.0
32.5,48.5
35.5,63.5
37.5,51.5
32.0,48.5
40.0,91.0
40.5,55.5
39.0,46.0
34.5,47.5
39.5,58.5
29.0,60.0
37.0,53.666666666666664
39.0,60.0
38.0,47.333333333333336
29.0,61.0
38.0,47.5
29.666666666666668,51.666666666666664
41.0,91.0
37.333333333333336,49.0
40.0,53.0
28.0,64.0
37.0,46.0
37.5,49.5
39.0,60.0
38.0,51.5
36.0,64.0
39.5,53.0
34.0,49.333333333333336
37.666666666666664,48.0
29.0,53.5
38.0,46.0
40.0,54.333333333333336
30.5,47.5
29.0,56.666666666666664
39.0,53.0
33.75,48.0
39.5,57.5
29.0,61.0
37.5,48.5
41.0,55.0
29.0,55.0
31.0,46.5
38.333333333333336,52.666666666666664
31.5,50.0
39.0,59.0
38.333333333333336,51.666666666666664
32.0,47.0
38.0,52.5
37.0,45.0
38.5,58.5
29.0,63.0
29.666666666666668,53.333333333333336
35.0,47.0
33.0,50.0
27.0,68.0
38.666666666666664,51.666666666666664
33.5,46.0
36.0,65.5
38.5,59.0
60.0,47.0
37.0,45.5
31.0,50.0
37.0,55.0
36.0,67.5
38.5,48.0
28.0,68.0
37.2,49.0
34.0,46.333333333333336
38.0,46.0
31.0,48.0
75.0,50.0
34.5,46.0
28.0,48.0
28.5,53.5
38.0,51.5
60.0,47.0
29.333333333333332,49.333333333333336
25.0,74.0
39.5,53.5
29.0,53.0
30.5,48.0
7.0,46.0
36.0,49.5
73.0,121.0
36.5,47.5
37.0,51.5
28.0,57.0
31.0,52.0
35.0,48.333333333333336
39.5,52.5
32.0,50.5
37.0,54.0
35.666666666666664,48.0
29.0,52.0
30.666666666666668,48.333333333333336
29.0,58.0
38.0,55.5
28.0,48.0
28.5,63.5
37.0,60.0
32.25,47.0
39.0,51.0
28.0,53.5
35.5,45.5
28.0,53.0
38.0,55.5
28.0,59.0
40.0,89.0
33.5,46.5
39.0,56.0
29.0,61.0
39.0,46.0
28.0,56.0
38.0,51.0
29.0,50.0
33.0,115.0
34.666666666666664,47.666666666666664
28.0,52.0
31.0,47.0
28.0,53.0
37.5,46.0
28.333333333333332,51.0
34.0,45.5
30.0,54.0
37.0,51.666666666666664
35.0,46.0
36.0,49.0
32.0,45.5
34.0,48.5
25.0,72.0
37.5,50.0
27.0,66.0
33.0,46.0
28.0,57.0
37.333333333333336,60.0
34.5,46.5
30.0,51.0
36.0,69.0
28.0,54.5
35.0,71.0
26.0,67.5
28.5,54.0
35.0,70.0
31.5,51.5
38.0,58.0
31.25,49.5
33.333333333333336,52.0
38.0,52.0
29.333333333333332,49.333333333333336
36.5,61.0
90.0,91.0
38.0,53.25
35.0,65.0
30.0,50.0
45.0,50.0
35.0,49.0
36.0,65.0
28.5,50.5
40.0,58.333333333333336
30.6,47.4
39.5,53.0
34.0,62.0
32.666666666666664,48.0
35.0,70.0
27.0,49.5
36.0,48.5
30.0,51.0
36.0,51.5
35.5,46.0
32.0,62.5
30.0,52.0
34.5,48.5
29.0,54.0
38.0,58.0
37.0,52.0
29.0,48.0
38.0,61.0
29.5,47.5
40.0,53.0
36.0,48.333333333333336
35.5,60.5
35.0,68.0
28.333333333333332,49.0
36.0,65.0
31.666666666666668,48.333333333333336
36.0,67.0
40.0,52.5
28.5,51.0
35.0,67.0
28.0,58.0
38.5,51.5
28.0,60.0
27.0,52.0
35.0,51.5
36.0,47.5
34.666666666666664,50.333333333333336
39.0,54.0
35.5,46.5
38.5,55.5
29.5,46.5
39.0,59.0
31.125,50.75
75.0,60.0
31.333333333333332,47.666666666666664
25.0,75.0
37.0,60.0
30.0,45.0
28.0,51.0
38.5,55.0
27.6,54.6
40.0,92.0
27.5,48.0
35.5,62.5
29.0,48.333333333333336
37.0,59.0
30.5,45.0
39.0,52.0
36.0,47.5
44.0,90.0
36.666666666666664,51.333333333333336
28.0,60.0
31.5,47.0
38.0,51.0
29.666666666666668,49.666666666666664
32.0,44.0
38.5,56.5
32.0,45.0
36.8,50.4
26.5,51.0
33.0,46.25
35.5,52.0
33.5,50.0
29.5,54.5
37.0,57.0
28.5,47.5
29.0,52.0
35.0,50.0
35.0,67.5
27.0,53.0
36.5,50.5
28.5,50.0
15.0,25.0
35.0,68.5
20.0,127.0
28.0,54.0
37.0,52.0
28.0,48.0
35.0,48.0
36.0,60.0
32.666666666666664,48.666666666666664
37.0,56.0
29.5,50.0
39.0,51.0
27.25,51.25
35.666666666666664,53.666666666666664
34.5,48.25
27.0,59.0
27.5,47.0
39.0,57.0
30.0,47.0
37.666666666666664,52.333333333333336
35.0,60.0
31.0,49.0
14.0,115.0
36.5,48.5
27.0,57.5
27.5,52.5
32.5,51.5
38.0,87.0
32.75,49.0
27.0,50.0
33.0,45.5
35.75,62.5
33.5,48.5
26.0,53.0
35.0,66.5
37.0,50.0
29.0,46.5
35.0,71.0
36.5,59.5
32.0,51.0
25.0,73.5
27.0,56.0
37.5,53.5
27.5,56.5
25.0,79.0
34.5,50.5
29.0,46.5
35.0,67.0
27.0,54.5
33.0,49.5
27.0,53.0
28.0,48.333333333333336
38.333333333333336,55.333333333333336
44.0,67.0
27.5,67.5
31.0,91.0
25.0,75.5
33.0,91.0
28.0,48.0
33.0,44.5
31.0,51.0
27.5,64.5
35.0,44.5
37.5,54.0
35.0,74.0
32.5,47.0
33.5,74.5
35.0,67.0
29.5,50.0
39.0,52.0
28.333333333333332,49.333333333333336
67.0,49.0
33.75,46.25
27.0,49.0
35.0,50.5
35.0,62.0
30.666666666666668,46.0
26.0,67.0
31.0,49.5
43.0,67.0
35.5,49.5
35.0,67.0
35.0,51.666666666666664
26.5,51.0
39.0,74.0
32.25,50.5
35.5,58.5
35.0,46.5
30.5,47.5
43.0,67.0
30.5,50.0
36.0,58.5
35.0,45.0
28.0,50.5
72.0,124.0
36.5,51.0
31.0,46.0
30.5,49.5
36.0,52.5
31.5,46.0
10.0,124.0
32.8,48.0
36.0,59.5
30.0,49.5
27.0,61.0
29.5,50.5
68.0,49.0
29.0,46.5
34.6,49.6
28.666666666666668,49.333333333333336
68.0,49.0
29.5,46.0
36.0,57.0
27.0,50.5
36.0,73.0
29.5,46.5
25.5,50.0
36.5,55.5
29.0,48.5
37.0,53.0
27.666666666666668,57.666666666666664
35.0,72.0
30.0,46.666666666666664
34.0,62.0
30.5,47.0
28.0,52.0
29.5,47.0
38.0,51.0
29.5,45.5
27.0,59.0
79.0,48.0
29.0,50.0
35.0,61.0
27.25,50.5
29.5,46.5
26.0,57.0
34.5,50.0
35.0,72.0
27.5,46.0
26.0,56.5
34.0,47.0
29.5,49.5
35.0,52.0
27.5,46.5
34.0,69.0
33.333333333333336,47.333333333333336
28.0,65.0
30.5,48.5
26.0,55.0
27.0,48.5
35.0,60.0
31.5,44.5
25.0,50.0
34.0,47.333333333333336
27.5,50.666666666666664
26.5,58.0
28.5,48.5
36.5,50.0
29.0,44.0
28.0,53.0
36.0,57.0
28.0,46.0
35.0,59.0
35.0,52.5
27.0,52.0
34.333333333333336,50.333333333333336
31.5,45.5
36.0,51.5
26.0,55.0
31.333333333333332,47.0
34.5,60.5
26.0,60.0
27.666666666666668,49.666666666666664
26.0,64.0
32.0,47.5
28.0,46.666666666666664
35.333333333333336,51.333333333333336
28.0,47.5
31.5,50.5
27.0,49.5
34.0,61.0
29.0,44.5
26.0,68.0
36.5,52.0
26.0,48.0
35.0,51.5
27.0,45.0
26.5,59.5
34.333333333333336,64.33333333333333
25.5,51.0
26.0,49.5
35.5,53.5
26.5,51.5
36.0,59.0
27.0,47.0
36.0,50.0
34.5,58.5
49.0,82.0
29.285714285714285,48.285714285714285
37.0,50.0
35.0,59.0
25.0,76.0
33.5,48.0
33.5,73.0
36.0,51.0
29.5,46.0
26.0,47.5
30.0,47.5
25.5,61.5
27.0,48.5
35.0,73.0
25.5,53.5
30.0,49.0
35.5,52.0
34.0,62.0
36.0,53.0
32.0,49.5
34.0,66.0
25.0,50.0
33.0,46.666666666666664
34.5,58.0
24.5,49.5
33.0,46.0
27.0,45.0
35.0,60.0
27.0,50.5
26.0,48.5
35.0,73.0
30.0,48.5
27.0,54.0
33.666666666666664,50.666666666666664
33.0,68.0
34.0,50.2
26.5,49.0
34.5,49.5
25.0,85.0
29.0,45.0
26.0,58.0
30.0,50.0
25.0,56.0
25.0,69.0
34.5,59.5
28.0,46.0
25.5,51.5
35.0,73.0
30.5,45.5
33.0,67.0
27.0,47.5
25.0,74.0
26.5,61.0
25.666666666666668,47.0
33.0,47.0
26.5,52.5
34.0,49.333333333333336
40.0,88.0
34.0,51.333333333333336
34.0,59.5
34.0,51.0
25.5,55.5
27.5,49.25
26.0,58.5
26.5,51.5
27.0,62.0
33.666666666666664,49.666666666666664
33.0,60.0
27.0,50.5
27.0,67.0
29.666666666666668,47.666666666666664
24.0,52.0
34.5,51.5
17.0,50.0
27.333333333333332,47.666666666666664
5.0,60.0
30.0,46.0
32.0,63.0
27.0,47.0
25.0,65.0
30.5,48.5
33.0,60.0
16.5,50.5
34.0,51.0
27.5,47.5
26.0,50.5
35.0,56.0
28.333333333333332,46.333333333333336
34.0,58.0
33.0,48.0
26.0,52.0
25.0,62.0
32.5,47.0
42.0,88.0
26.25,47.0
25.0,56.0
108.0,71.0
24.5,54.0
25.666666666666668,49.0
25.5,59.5
16.0,51.0
31.0,49.25
25.0,64.0
27.0,50.5
35.0,64.0
28.0,46.333333333333336
34.0,59.0
31.333333333333332,45.666666666666664
36.5,60.0
34.0,50.0
24.0,47.5
25.0,59.0
33.0,50.0
35.0,74.0
24.0,50.5
31.5,50.0
55.0,51.0
27.5,50.0
33.0,63.0
27.5,48.5
33.5,49.5
35.0,57.0
25.0,46.5
73.0,55.0
34.5,52.5
27.0,45.0
34.0,53.5
55.0,51.0
25.666666666666668,48.333333333333336
33.333333333333336,55.0
100.0,34.0
33.5,53.5
24.0,54.0
26.5,47.0
24.0,55.0
26.0,49.0
25.0,59.0
33.0,48.5
30.5,47.5
26.0,64.0
35.666666666666664,53.0
25.0,47.666666666666664
24.333333333333332,53.0
30.0,46.0
32.5,51.0
26.0,51.0
28.5,47.0
35.0,55.0
25.25,49.5
33.666666666666664,54.0
24.5,53.5
27.0,47.5
33.0,52.0
26.0,46.0
30.5,50.0
25.0,60.0
26.0,46.5
25.5,59.5
32.5,60.5
24.0,54.0
34.5,50.0
24.0,74.0
25.333333333333332,59.666666666666664
28.0,49.0
34.0,51.5
24.0,72.0
24.5,52.5
60.0,53.0
24.0,51.5
49.0,83.0
24.5,52.0
33.0,54.5
24.0,56.0
24.5,49.0
33.0,67.0
27.0,48.166666666666664
32.0,62.0
24.666666666666668,50.0
31.5,50.5
27.5,46.0
26.5,48.5
28.0,44.0
29.0,51.5
25.0,51.0
33.0,48.333333333333336
25.0,71.0
34.5,52.0
22.0,49.0
34.5,52.0
25.0,64.5
24.0,73.0
31.333333333333332,49.333333333333336
24.0,47.5
31.0,47.333333333333336
33.333333333333336,64.0
33.0,60.0
27.333333333333332,48.333333333333336
33.0,61.0
31.5,47.5
34.0,54.666666666666664
24.0,51.0
28.333333333333332,46.0
34.0,63.0
25.5,45.0
33.0,63.5
24.0,48.5
48.0,84.0
27.333333333333332,50.0
25.0,59.0
25.0,45.666666666666664
35.0,53.0
33.5,66.0
30.5,48.0
30.0,44.0
23.5,51.5
31.0,73.0
27.5,49.0
35.0,54.0
22.5,50.0
32.0,51.0
25.666666666666668,50.0
38.0,91.0
24.5,52.0
35.0,77.0
33.0,65.5
31.0,73.0
26.6,48.6
38.0,60.0
32.5,55.0
24.0,59.0
34.0,52.5
22.5,53.0
27.333333333333332,45.333333333333336
33.5,58.5
31.0,49.0
24.0,57.0
24.333333333333332,48.666666666666664
25.0,61.0
23.0,48.666666666666664
27.0,61.0
31.5,52.0
33.0,68.0
27.5,49.5
25.0,50.5
25.333333333333332,46.666666666666664
31.0,51.0
28.5,47.0
32.0,61.0
30.0,49.0
34.0,56.0
24.5,47.5
23.0,51.0
32.5,51.5
25.5,46.5
32.5,58.0
24.5,52.5
26.5,45.5
22.5,54.0
25.0,44.0
31.5,48.5
24.333333333333332,46.666666666666664
32.333333333333336,54.0
26.5,48.5
24.5,47.5
33.0,58.0
32.666666666666664,52.0
24.0,65.0
23.0,52.0
29.5,46.5
33.0,56.0
21.0,49.0
27.333333333333332,46.666666666666664
22.5,52.0
33.0,56.0
22.0,48.5
34.0,74.0
25.5,53.0
28.0,47.333333333333336
24.0,52.0
24.0,68.5
24.5,60.5
24.5,47.5
25.0,70.0
22.666666666666668,48.333333333333336
24.0,69.0
23.0,55.5
24.666666666666668,49.666666666666664
24.0,75.0
22.0,49.5
32.0,52.0
28.5,49.5
23.5,53.5
25.5,62.0
79.0,9.0
25.0,49.333333333333336
25.0,59.0
32.0,48.5
23.0,50.5
31.0,52.0
25.333333333333332,48.0
33.0,56.0
22.0,49.5
29.0,46.0
24.5,46.5
32.5,48.5
23.5,52.75
33.0,51.0
22.333333333333332,55.666666666666664
31.0,48.0
24.0,64.0
30.0,51.0
30.0,59.5
26.333333333333332,47.333333333333336
31.333333333333332,53.0
26.0,45.5
24.0,60.0
24.5,44.5
21.0,53.0
31.666666666666668,49.333333333333336
25.0,64.0
29.5,48.5
0.0,47.0
22.666666666666668,49.666666666666664
34.0,54.0
24.666666666666668,50.666666666666664
32.0,48.0
24.666666666666668,50.333333333333336
0.0,47.0
24.0,55.0
28.0,47.5
23.5,47.25
33.5,57.0
57.0,111.0
32.666666666666664,53.333333333333336
23.0,55.5
33.0,49.0
24.5,46.0
23.5,51.0
30.0,49.5
25.0,58.0
32.0,52.0
27.0,50.0
23.0,50.5
33.0,51.5
22.75,49.5
32.0,48.0
26.333333333333332,48.0
32.0,62.0
24.666666666666668,48.666666666666664
25.0,67.0
28.25,48.5
33.0,64.0
21.5,54.0
22.333333333333332,47.0
107.0,74.0
24.4,48.2
23.0,57.666666666666664
32.0,66.0
21.5,53.0
31.0,49.0
23.75,47.5
24.0,64.0
22.0,48.5
41.0,91.0
21.5,49.5
32.0,57.0
25.0,62.0
27.25,51.0
27.0,63.0
25.571428571428573,50.714285714285715
40.0,91.0
22.0,47.5
32.0,63.0
27.0,46.5
25.0,65.0
24.5,50.5
29.0,49.0
21.5,48.5
30.666666666666668,52.666666666666664
31.0,63.0
30.0,50.666666666666664
20.5,53.0
24.0,46.0
18.5,50.5
27.666666666666668,48.666666666666664
32.0,54.5
24.5,70.5
21.333333333333332,50.0
27.333333333333332,50.0
23.5,51.0
34.0,51.0
26.5,46.5
32.0,60.0
21.0,51.5
26.0,67.0
29.5,50.0
21.0,55.0
27.5,46.5
21.5,53.5
30.5,50.5
32.0,58.5
31.0,49.333333333333336
70.0,46.0
28.333333333333332,48.666666666666664
31.0,62.0
22.333333333333332,49.666666666666664
40.0,86.0
32.5,59.5
22.0,53.5
33.0,69.0
32.0,54.666666666666664
20.0,50.0
31.0,60.0
23.0,48.333333333333336
23.0,59.0
25.5,46.0
26.0,66.0
27.0,50.0
26.5,47.0
31.0,52.0
34.0,75.0
22.0,49.0
28.5,48.5
24.0,75.0
24.5,62.5
22.5,52.0
35.0,75.0
28.5,48.5
21.666666666666668,50.666666666666664
23.0,74.0
20.666666666666668,50.333333333333336
22.0,57.0
21.5,48.5
23.0,58.0
24.333333333333332,48.666666666666664
23.0,57.0
28.0,48.666666666666664
7.0,81.0
23.0,51.5
22.666666666666668,47.666666666666664
22.5,51.5
31.0,61.0
27.0,49.5
35.0,75.0
23.5,60.5
22.5,49.0
32.0,55.0
24.666666666666668,50.0
7.0,17.0
21.333333333333332,52.333333333333336
30.0,49.0
20.5,50.0
20.0,53.5
22.0,45.0
37.0,48.5
28.0,49.0
22.0,47.5
32.0,68.0
21.0,56.0
23.5,50.0
31.0,58.0
25.7,48.7
20.5,54.0
29.0,51.0
20.5,52.0
31.0,52.0
20.5,48.5
29.0,49.0
21.5,47.0
31.0,55.0
23.5,61.0
32.0,57.0
28.5,50.0
21.666666666666668,48.0
30.0,53.0
25.0,46.0
20.0,49.0
25.0,48.0
21.0,51.5
21.0,56.5
31.0,62.0
26.666666666666668,49.333333333333336
21.0,51.75
35.0,74.0
30.0,49.5
18.0,51.0
30.0,53.5
20.5,48.5
23.0,59.333333333333336
20.0,52.5
26.666666666666668,50.333333333333336
21.0,55.0
31.0,63.0
21.666666666666668,47.0
30.333333333333332,52.0
74.0,51.0
27.0,49.5
23.0,61.5
21.333333333333332,51.0
9.0,89.0
22.0,49.6
33.0,71.0
20.5,53.5
22.333333333333332,49.0
24.0,60.5
35.0,74.0
20.666666666666668,48.333333333333336
24.0,62.0
24.5,51.5
23.0,61.0
26.0,49.333333333333336
31.0,60.333333333333336
21.0,50.4
29.0,49.0
21.5,58.5
29.0,51.25
9.0,89.0
22.0,50.0
30.5,60.0
23.666666666666668,50.333333333333336
31.0,53.0
23.5,48.5
31.0,54.0
18.5,50.5
32.0,60.0
23.0,61.0
20.0,49.5
31.0,53.0
25.5,47.5
29.5,52.0
23.5,48.5
35.0,47.0
20.5,52.5
32.5,59.0
31.0,65.0
25.8,51.4
19.0,49.0
31.5,55.0
25.0,47.5
50.0,56.0
28.5,50.0
18.5,50.5
30.0,55.0
23.0,72.0
22.0,50.333333333333336
30.0,51.5
21.0,52.333333333333336
26.5,49.0
20.0,46.0
20.5,51.5
20.0,47.0
26.0,49.5
21.0,53.0
26.666666666666668,49.0
20.5,47.5
30.0,50.0
25.0,48.333333333333336
5.0,60.0
18.0,49.5
25.75,48.0
30.0,59.0
19.5,53.5
19.5,50.0
30.0,59.0
25.0,50.0
20.0,49.8
23.555555555555557,50.888888888888886
28.5,53.0
3.0,80.0
21.0,50.5
30.0,63.0
19.0,47.5
30.0,55.0
19.666666666666668,50.0
30.0,51.0
21.25,51.75
29.0,61.0
23.0,49.5
7.0,62.0
27.5,50.0
19.0,52.0
21.0,48.5
30.0,62.0
20.25,48.0
20.25,50.0
35.0,89.0
18.25,50.75
24.0,70.0
21.5,60.0
68.0,56.0
23.333333333333332,49.0
22.0,60.0
20.0,51.6
21.5,47.0
21.0,58.0
21.0,50.666666666666664
23.0,71.0
29.0,52.5
22.0,59.0
19.0,51.5
21.0,59.0
19.0,51.5
23.0,69.0
25.333333333333332,49.666666666666664
20.0,55.0
29.0,50.0
19.5,52.5
23.0,75.0
18.5,53.5
28.0,61.0
22.0,65.0
19.5,56.5
18.333333333333332,50.333333333333336
27.0,53.0
19.0,49.0
27.0,52.0
19.25,52.75
23.0,50.0
20.0,50.0
29.0,49.0
18.666666666666668,50.333333333333336
66.0,74.0
22.0,62.0
20.25,49.0
28.0,51.0
20.5,50.0
29.0,51.0
19.0,52.5
22.0,64.0
23.333333333333332,47.666666666666664
16.0,52.0
26.0,51.5
20.5,56.0
20.333333333333332,48.0
30.0,63.0
17.5,52.0
23.4,50.8
19.0,56.0
19.0,48.5
24.0,63.0
20.5,49.5
28.333333333333332,49.666666666666664
19.0,50.5
27.666666666666668,50.0
21.0,55.0
29.0,57.0
19.0,53.0
27.0,52.0
18.5,49.0
30.0,57.0
18.0,51.5
29.0,57.0
19.5,51.5
30.0,54.0
18.5,54.5
29.0,62.0
18.5,50.0
36.0,73.0
19.5,47.5
29.0,52.0
18.5,48.5
20.0,59.0
19.5,49.0
21.5,46.5
29.5,60.0
36.0,73.0
19.75,52.25
26.5,51.0
18.5,49.0
26.0,52.0
19.25,52.0
27.0,49.0
18.333333333333332,51.333333333333336
28.0,51.0
22.0,73.0
21.0,48.0
20.25,50.75
30.0,59.0
23.5,47.0
30.0,62.0
28.5,51.0
20.75,47.75
27.0,50.0
18.5,50.5
19.0,55.0
30.0,55.0
22.5,68.5
25.5,47.5
29.0,55.0
20.0,48.5
29.0,60.0
19.0,50.0
30.0,66.0
22.0,47.0
7.0,84.0
23.0,48.0
29.0,91.0
20.5,50.0
29.0,53.0
19.4,48.6
17.333333333333332,54.0
17.5,50.0
41.0,91.0
22.5,59.5
18.5,53.25
11.0,83.0
27.333333333333332,51.666666666666664
19.0,51.0
24.666666666666668,50.333333333333336
18.5,55.5
17.88888888888889,50.44444444444444
29.0,59.0
27.666666666666668,50.666666666666664
17.0,50.0
27.5,51.5
18.25,54.5
26.0,53.0
20.5,57.5
28.333333333333332,51.333333333333336
21.0,61.0
18.666666666666668,48.333333333333336
20.0,59.0
17.0,50.0
23.5,52.0
23.0,76.0
20.5,49.0
17.0,47.0
19.0,52.5
43.0,88.0
29.0,51.5
18.333333333333332,52.0
26.0,51.0
19.5,49.5
29.0,55.0
17.0,51.5
20.0,57.5
22.0,49.5
16.5,51.5
22.0,62.0
27.0,51.0
18.333333333333332,51.333333333333336
29.0,57.0
18.5,50.0
21.0,65.0
21.5,50.0
28.0,56.0
16.333333333333332,50.333333333333336
24.5,51.5
16.0,51.0
22.0,52.0
30.0,66.5
18.5,52.5
27.5,53.5
19.5,49.0
19.0,120.0
17.666666666666668,53.333333333333336
26.0,87.0
29.0,53.5
23.0,52.0
16.0,51.5
19.0,58.0
40.0,74.0
18.0,52.5
26.0,87.0
16.5,52.0
27.0,52.5
17.0,49.0
18.5,56.25
29.0,55.5
17.333333333333332,48.333333333333336
28.5,54.0
20.5,49.0
18.0,51.0
29.0,61.0
23.666666666666668,50.0
29.0,63.0
19.0,52.5
53.0,44.0
16.333333333333332,52.666666666666664
29.0,59.0
19.0,49.666666666666664
19.25,57.75
22.0,74.0
27.666666666666668,56.333333333333336
19.2,49.6
27.0,54.5
27.0,50.0
17.0,50.0
27.0,52.0
33.0,73.0
24.333333333333332,57.0
18.5,50.5
25.0,51.666666666666664
16.0,48.0
17.0,53.5
15.0,72.0
16.5,54.0
25.5,50.25
29.0,60.0
24.5,51.0
18.0,47.0
26.5,49.5
22.0,72.0
17.333333333333332,54.666666666666664
30.0,67.0
21.5,50.0
30.0,67.0
17.4,51.8
25.0,50.5
18.0,53.0
24.25,50.5
14.5,53.0
23.0,50.0
28.0,56.0
18.5,55.0
22.5,67.0
27.0,51.0
18.0,50.333333333333336
23.5,50.5
23.0,75.0
24.5,51.0
18.5,51.75
19.0,59.0
20.0,51.0
15.833333333333334,52.333333333333336
21.0,51.0
40.0,91.0
18.0,54.333333333333336
28.0,81.0
19.666666666666668,49.666666666666664
28.0,51.0
15.5,55.0
28.0,58.0
18.0,52.0
21.5,62.0
15.5,50.0
21.666666666666668,51.666666666666664
22.0,73.0
19.5,50.5
34.0,76.0
21.5,62.0
26.333333333333332,51.333333333333336
15.5,51.0
31.0,68.0
18.2,53.8
29.5,66.0
30.0,62.0
15.25,54.5
17.0,50.25
31.0,68.0
24.0,51.5
15.333333333333334,54.666666666666664
27.5,53.0
23.0,51.0
17.0,51.75
27.0,52.0
28.0,60.5
17.8,55.0
23.0,52.0
15.0,51.5
27.0,53.0
16.0,53.666666666666664
28.5,57.5
22.0,72.0
15.0,52.0
16.0,56.0
18.0,51.0
28.0,58.0
16.0,55.666666666666664
18.0,50.75
25.666666666666668,53.0
16.5,51.833333333333336
22.5,76.5
26.0,53.5
17.0,49.0
17.5,53.5
19.5,62.5
19.5,49.0
16.333333333333332,55.833333333333336
15.5,49.0
26.5,51.0
16.2,52.0
22.666666666666668,51.0
16.666666666666668,59.333333333333336
23.5,51.5
16.5,53.0
21.5,50.0
15.5,53.5
16.0,59.5
20.0,52.5
13.5,54.0
24.5,51.0
17.0,54.0
14.0,49.0
16.5,56.5
15.5,51.5
30.0,66.0
18.2,52.8
14.5,53.0
43.0,87.0
17.5,49.0
26.0,49.0
16.333333333333332,52.333333333333336
21.0,66.0
18.0,50.5
15.5,51.5
30.0,44.0
15.666666666666666,51.0
23.0,78.0
25.0,51.5
21.0,62.0
17.0,51.5
14.0,56.0
14.5,51.0
26.0,51.25
13.0,54.0
26.0,52.5
31.0,81.0
15.5,54.0
21.5,69.5
25.5,51.0
16.666666666666668,49.666666666666664
14.5,54.0
27.0,54.5
18.0,52.5
27.0,55.0
18.333333333333332,54.0
15.166666666666666,50.833333333333336
1.0,80.0
15.5,56.5
14.0,50.0
15.0,57.5
27.0,59.0
16.833333333333332,51.666666666666664
28.0,57.0
14.5,55.5
19.0,60.0
26.0,53.0
17.0,49.0
31.0,71.0
22.333333333333332,50.666666666666664
15.0,49.0
26.0,54.5
22.0,49.0
18.0,59.0
16.0,52.0
24.0,51.5
14.5,49.0
13.0,56.0
13.666666666666666,52.333333333333336
16.5,58.0
19.5,51.5
27.0,60.0
20.0,50.666666666666664
13.0,52.0
21.5,51.5
30.5,69.0
20.5,50.5
27.0,58.0
16.5,54.5
27.0,61.0
15.0,51.5
24.0,77.0
15.0,51.666666666666664
23.0,77.0
14.0,53.0
20.0,62.0
14.0,52.5
25.0,49.0
16.5,49.0
20.333333333333332,51.666666666666664
80.0,51.0
16.75,51.5
13.333333333333334,53.0
22.0,68.0
19.0,50.0
14.0,53.5
25.0,55.0
17.0,54.666666666666664
24.5,53.0
23.5,50.0
14.25,53.25
26.5,53.5
19.0,53.0
19.0,60.0
14.0,52.0
27.0,55.0
15.166666666666666,52.833333333333336
25.0,50.0
14.75,53.25
19.5,50.5
14.666666666666666,53.666666666666664
22.0,52.0
14.0,53.0
27.0,56.0
14.75,56.25
17.5,52.0
21.0,73.0
15.333333333333334,56.0
17.5,49.5
26.0,44.0
18.5,52.0
15.0,58.0
13.5,51.0
23.25,51.5
16.0,52.333333333333336
23.5,51.0
12.5,55.5
6.0,63.0
16.0,52.5
24.5,55.5
15.0,52.0
18.0,61.0
13.5,52.5
23.0,52.0
16.333333333333332,56.0
26.0,53.0
16.333333333333332,53.666666666666664
78.0,61.0
13.0,53.0
21.25,52.0
28.0,62.0
18.333333333333332,52.666666666666664
29.0,62.0
14.5,55.0
21.0,68.0
15.333333333333334,52.666666666666664
29.0,63.5
21.2,51.4
13.0,53.5
16.25,49.75
28.0,61.0
20.5,50.75
28.0,65.0
15.0,53.0
27.5,61.0
29.0,50.0
21.5,68.0
15.0,52.0
29.0,65.0
12.333333333333334,52.333333333333336
23.0,68.0
15.5,53.0
21.0,63.5
16.0,59.0
13.0,54.5
19.0,62.0
12.0,53.5
46.0,107.0
15.5,51.0
29.0,65.0
13.0,55.0
25.0,52.0
17.5,53.5
20.0,64.0
14.5,51.5
15.0,99.0
15.0,54.25
23.5,51.0
11.75,54.25
25.0,51.5
15.0,58.0
14.5,51.0
25.0,77.0
14.0,58.0
25.0,52.0
23.0,75.66666666666667
13.0,57.0
13.0,84.0
17.666666666666668,57.666666666666664
11.0,84.0
15.5,52.0
40.0,57.0
16.5,52.5
10.5,53.5
22.5,50.5
14.5,54.0
19.0,62.0
13.0,55.2
15.0,53.666666666666664
23.0,50.5
14.5,54.0
18.0,61.0
15.5,53.5
21.0,52.0
14.75,53.083333333333336
21.0,52.0
14.0,52.5
14.0,57.5
22.0,51.5
20.666666666666668,64.0
113.0,5.0
24.0,53.0
27.0,59.5
12.666666666666666,54.333333333333336
25.0,53.0
13.666666666666666,57.0
38.0,59.0
13.0,52.0
25.0,68.0
15.0,52.0
7.0,92.0
14.5,51.5
7.0,92.0
15.666666666666666,53.0
76.0,52.0
24.0,51.25
11.5,56.0
20.0,107.0
24.0,49.666666666666664
13.7,54.6
31.0,70.0
16.0,58.0
25.0,54.0
14.4,54.2
31.0,51.0
13.0,53.5
15.333333333333334,51.666666666666664
12.666666666666666,53.333333333333336
18.8,53.0
23.0,49.0
15.5,55.5
37.0,75.0
14.5,59.0
37.0,87.0
14.5,56.75
23.0,52.0
16.0,55.5
23.0,52.5
13.666666666666666,55.0
45.0,93.0
13.333333333333334,52.0
23.0,77.0
13.333333333333334,53.333333333333336
18.0,62.0
14.5,56.5
20.0,63.0
11.666666666666666,55.666666666666664
99.0,75.0
15.0,53.5
49.0,55.0
15.5,55.0
49.0,56.0
14.5,54.0
27.0,63.0
16.0,51.0
25.5,56.5
23.0,79.0
12.6,57.4
23.0,80.0
14.4,55.0
18.0,105.0
17.75,52.5
6.0,88.0
13.5,56.5
44.0,97.0
31.0,99.0
16.0,100.0
23.5,53.5
11.0,56.5
23.0,50.0
13.4,55.8
75.0,70.0
15.0,54.0
23.0,50.0
11.8,55.2
14.0,54.0
22.0,54.0
12.5,53.5
46.0,100.0
13.5,53.0
22.0,52.0
12.5,53.5
16.0,54.8
26.0,57.0
13.0,53.0
23.5,51.0
14.5,59.0
25.0,53.0
14.333333333333334,56.333333333333336
21.5,51.5
13.666666666666666,54.666666666666664
19.0,66.0
13.142857142857142,55.57142857142857
69.0,56.0
11.666666666666666,55.333333333333336
58.0,56.0
18.5,53.0
57.0,57.0
11.333333333333334,54.0
25.5,55.5
13.5,57.0
22.0,51.5
11.333333333333334,54.333333333333336
21.0,53.0
12.5,54.0
69.0,56.0
24.5,54.0
12.0,53.0
14.666666666666666,58.0
11.666666666666666,53.0
16.0,59.0
12.333333333333334,54.0
22.0,50.5
28.0,64.0
13.333333333333334,55.666666666666664
17.0,48.0
11.5,55.0
27.0,57.0
12.5,54.0
25.0,52.0
12.666666666666666,55.0
21.5,52.5
12.0,52.0
20.25,52.25
47.0,104.0
14.666666666666666,56.0
25.0,52.0
14.0,55.5
26.5,56.0
13.0,52.5
21.0,70.0
14.0,53.5
24.5,52.0
13.5,53.0
5.0,89.0
27.0,59.5
13.666666666666666,52.333333333333336
24.0,50.0
13.11111111111111,55.55555555555556
26.5,56.5
23.0,50.0
15.11111111111111,54.44444444444444
23.5,50.0
16.5,58.0
13.0,53.833333333333336
21.333333333333332,51.666666666666664
21.0,70.0
16.5,50.5
24.5,52.5
22.0,76.0
13.0,56.5
18.333333333333332,51.0
15.0,58.5
24.0,52.0
14.8,56.8
74.0,60.0
13.5,53.0
18.0,51.333333333333336
24.0,54.25
12.0,53.5
14.75,53.5
11.0,66.0
14.0,55.0
18.5,51.0
27.0,61.0
14.0,54.5
22.333333333333332,51.666666666666664
16.0,53.0
20.5,53.5
13.25,54.5
26.0,53.0
15.5,56.0
24.5,51.0
12.0,54.0
21.5,68.0
23.5,48.5
11.0,55.0
16.75,51.25
25.0,10.0
19.0,53.5
15.6,58.2
25.0,50.0
16.0,54.0
74.0,7.0
15.666666666666666,52.0
26.333333333333332,54.333333333333336
19.5,52.5
38.0,87.0
23.333333333333332,52.666666666666664
13.0,54.0
27.0,59.0
14.0,52.0
15.0,55.5
16.0,52.5
22.0,72.0
12.0,56.0
22.5,52.5
18.0,52.0
20.0,62.0
24.0,51.5
17.0,51.0
16.5,57.5
25.0,53.0
14.8,54.4
26.0,53.0
15.333333333333334,51.333333333333336
72.0,127.0
14.0,55.0
28.0,66.0
15.5,53.5
26.5,52.5
15.0,58.0
28.0,64.0
67.0,47.0
13.5,53.0
27.0,56.0
15.666666666666666,52.333333333333336
24.0,53.0
27.5,62.0
23.5,52.0
13.0,56.0
23.0,50.0
27.0,53.0
17.0,54.0
26.0,51.0
15.6,54.4
26.0,59.0
18.0,55.0
13.5,53.0
27.0,63.0
20.5,52.0
28.0,90.0
16.5,55.0
28.0,63.0
18.22222222222222,54.44444444444444
26.5,52.5
14.666666666666666,52.333333333333336
27.5,61.5
15.0,57.5
20.0,68.0
20.0,52.0
28.0,59.5
16.5,56.0
27.0,54.0
16.0,51.0
23.0,52.0
16.8,52.6
28.0,57.0
23.5,51.0
13.5,53.5
19.0,52.5
33.0,74.0
15.75,57.0
14.5,53.0
17.0,59.0
19.666666666666668,52.333333333333336
28.0,57.0
17.5,58.25
26.5,51.0
17.5,51.0
87.0,57.0
14.25,52.5
62.0,49.0
19.5,50.0
28.0,58.0
17.333333333333332,52.833333333333336
25.0,49.0
17.5,56.5
24.0,51.666666666666664
28.0,60.0
16.5,58.0
25.0,52.0
15.666666666666666,55.0
27.5,53.5
22.0,51.0
16.666666666666668,52.0
112.0,54.0
17.5,51.5
24.5,50.5
29.0,63.0
17.666666666666668,50.666666666666664
27.0,57.0
15.5,55.0
28.0,57.0
15.4,52.4
24.0,51.5
15.5,53.0
20.5,51.5
16.5,51.0
19.5,62.0
26.333333333333332,54.0
21.0,66.0
15.5,50.0
29.0,67.0
15.666666666666666,55.333333333333336
15.5,50.0
23.0,52.0
14.5,56.0
75.0,58.5
17.5,54.0
28.0,59.0
19.0,53.0
20.0,66.0
16.5,52.5
37.0,63.0
25.0,51.0
16.5,53.0
25.0,51.0
14.0,55.5
24.5,52.0
17.333333333333332,53.666666666666664
28.0,60.0
18.5,59.5
16.0,54.0
24.0,49.0
15.5,49.5
21.0,70.0
17.5,53.0
27.0,50.0
15.5,53.0
21.0,68.0
15.666666666666666,56.0
27.5,53.0
16.666666666666668,51.333333333333336
19.0,59.5
26.0,53.333333333333336
18.0,54.0
27.0,49.5
29.0,63.0
21.5,70.5
17.0,58.0
30.0,67.0
16.666666666666668,50.0
18.0,55.666666666666664
25.333333333333332,52.0
18.333333333333332,51.666666666666664
28.0,64.0
18.0,51.5
21.0,62.0
25.0,52.5
19.0,59.0
19.0,49.0
18.5,54.0
27.0,50.5
21.5,63.0
28.0,64.5
27.0,50.0
19.5,53.0
17.75,51.25
19.5,61.0
22.0,50.0
15.5,50.5
25.0,50.0
28.0,60.0
15.333333333333334,53.333333333333336
28.0,52.0
16.5,57.0
27.5,55.0
17.666666666666668,53.0
19.0,50.5
28.0,51.0
16.0,54.0
29.0,59.0
20.0,51.5
19.5,60.0
16.0,52.333333333333336
29.0,56.0
17.333333333333332,51.666666666666664
27.0,54.666666666666664
18.0,55.0
18.0,51.0
29.0,57.0
21.0,49.0
28.333333333333332,54.333333333333336
17.0,51.5
28.0,51.0
15.5,54.0
28.5,56.0
19.0,60.0
16.5,50.0
21.5,66.5
17.0,48.0
16.0,53.833333333333336
23.0,67.0
17.0,57.0
26.0,50.0
19.833333333333332,50.833333333333336
28.0,51.5
17.0,50.0
29.0,60.0
17.142857142857142,51.285714285714285
22.0,52.0
16.5,49.5
28.0,50.0
16.666666666666668,50.0
29.0,56.0
18.666666666666668,51.333333333333336
16.5,56.0
23.0,80.0
20.5,50.5
26.5,52.5
21.0,50.0
16.0,55.5
25.0,52.0
17.5,53.5
28.0,49.5
23.0,80.0
17.75,51.75
21.5,53.0
16.5,49.5
17.0,54.333333333333336
21.5,48.5
15.5,52.5
22.0,69.0
16.6,53.8
24.5,51.0
18.0,51.0
16.666666666666668,56.666666666666664
26.0,51.0
17.333333333333332,53.666666666666664
25.0,52.0
17.0,51.5
28.0,49.0
17.333333333333332,56.333333333333336
16.5,49.5
18.0,59.0
16.0,50.0
17.0,59.0
15.5,53.0
27.5,52.5
18.0,50.0
29.0,54.0
19.0,58.0
17.5,50.5
30.0,67.0
18.25,51.25
29.0,60.0
16.5,50.5
26.5,52.0
19.5,50.5
23.0,63.0
19.0,53.0
17.5,56.5
26.5,51.0
18.5,51.0
24.5,51.5
39.0,88.0
21.5,51.0
21.5,60.666666666666664
30.0,66.0
18.0,52.5
27.0,50.5
21.0,50.5
25.0,59.0
22.5,68.0
28.5,57.5
27.0,49.0
16.5,50.5
27.0,51.0
18.5,56.0
74.0,51.0
17.5,49.0
22.0,70.0
26.5,52.75
23.0,70.0
19.5,51.5
29.0,51.0
18.0,53.0
28.333333333333332,52.0
18.0,50.0
20.0,58.0
22.2,51.6
29.0,50.0
17.5,52.5
40.0,90.0
23.5,51.0
29.5,58.0
27.0,51.0
18.5,50.0
23.0,70.0
25.666666666666668,53.666666666666664
18.0,56.5
18.5,52.0
27.5,53.0
18.5,50.5
30.0,54.0
18.5,57.0
16.0,50.0
29.5,64.0
18.0,52.5
21.75,49.75
27.5,51.5
21.5,62.5
28.0,49.0
21.666666666666668,51.666666666666664
61.0,49.0
21.0,49.5
19.0,50.5
22.0,71.0
23.666666666666668,50.333333333333336
16.5,52.5
30.0,64.0
18.0,52.0
62.0,49.0
24.25,54.25
15.0,64.0
20.333333333333332,49.333333333333336
30.0,57.5
22.0,49.0
29.5,51.0
30.0,61.0
20.5,53.5
20.0,107.0
26.0,51.5
18.5,50.75
30.0,63.0
19.666666666666668,52.333333333333336
20.0,56.5
19.5,50.5
27.0,52.0
17.5,49.5
29.666666666666668,52.666666666666664
19.0,57.0
22.0,65.5
20.0,52.5
29.0,51.0
19.0,57.0
41.0,90.0
23.75,49.5
22.0,60.0
29.0,52.0
18.666666666666668,51.666666666666664
30.0,59.0
17.0,50.0
29.0,51.0
45.0,91.0
20.2,52.2
30.0,62.0
20.0,55.5
28.0,54.0
18.5,49.75
19.5,57.0
19.25,50.0
26.5,52.75
21.333333333333332,49.666666666666664
18.5,50.5
29.0,51.5
29.0,63.0
20.0,50.0
23.5,50.0
73.0,53.0
19.333333333333332,55.666666666666664
105.0,56.0
28.5,51.0
72.0,54.0
26.333333333333332,51.666666666666664
31.0,66.5
30.0,49.0
30.5,53.5
24.0,52.0
68.0,49.0
30.0,59.0
17.5,53.25
30.666666666666668,57.666666666666664
18.5,47.5
49.0,6.0
21.0,50.333333333333336
31.0,68.0
20.5,53.0
30.0,50.0
29.666666666666668,54.0
24.5,48.5
24.0,66.5
20.5,52.25
29.0,50.5
23.0,61.0
17.5,50.0
31.0,55.0
21.666666666666668,51.0
27.0,49.0
19.0,53.5
24.5,53.0
21.0,59.0
20.666666666666668,49.0
24.333333333333332,52.0
19.5,52.5
73.0,31.0
19.333333333333332,53.333333333333336
30.0,56.0
21.4,51.6
20.0,51.5
21.333333333333332,49.0
20.0,55.666666666666664
28.0,54.0
21.333333333333332,50.0
15.0,47.0
22.666666666666668,53.0
27.333333333333332,52.333333333333336
23.0,77.0
30.0,51.0
57.0,57.0
20.8,53.4
75.0,60.0
26.333333333333332,50.333333333333336
20.0,51.0
22.0,60.0
19.0,120.0
30.0,52.5
16.5,48.0
31.0,61.0
20.666666666666668,57.333333333333336
27.0,53.5
41.0,90.0
17.666666666666668,48.666666666666664
28.0,51.0
23.5,51.5
87.0,21.0
23.666666666666668,47.333333333333336
20.0,50.0
85.0,47.0
22.0,48.0
31.0,59.0
20.0,56.5
29.5,51.5
19.0,54.5
19.333333333333332,49.0
31.0,59.0
26.5,49.5
2.0,71.0
22.0,51.75
31.0,50.0
21.5,50.5
23.0,61.0
30.0,49.5
21.5,48.0
25.0,51.2
20.0,53.5
29.0,53.0
19.666666666666668,51.333333333333336
31.0,53.0
20.0,54.5
29.0,50.5
19.5,55.0
19.666666666666668,49.0
30.0,64.0
22.666666666666668,64.0
16.0,53.0
22.0,47.5
21.0,57.666666666666664
22.666666666666668,62.333333333333336
25.0,51.0
28.666666666666668,50.0
19.6,52.0
30.0,54.5
19.75,50.0
22.0,63.0
29.5,51.0
19.0,52.5
27.0,50.0
19.5,50.0
27.4,52.8
20.0,56.0
18.5,51.0
22.0,58.0
21.4,49.6
32.0,56.0
23.5,50.5
29.666666666666668,51.333333333333336
30.5,60.0
1.0,87.0
20.0,50.75
19.666666666666668,53.666666666666664
25.8,49.4
19.0,50.0
25.0,49.0
24.0,70.0
30.0,51.5
20.5,50.0
23.0,65.0
26.75,48.25
32.0,56.0
21.5,48.0
24.0,62.0
28.5,51.0
19.0,53.0
30.0,52.0
21.0,49.0
21.5,53.0
22.166666666666668,49.166666666666664
23.666666666666668,48.0
21.333333333333332,54.333333333333336
19.0,50.0
27.5,48.5
19.0,51.5
30.0,67.0
32.0,53.5
21.0,57.0
20.0,49.666666666666664
32.0,57.5
25.75,49.5
24.0,61.0
21.0,48.0
31.0,66.0
24.5,46.0
32.0,53.0
21.0,54.0
34.0,72.0
20.5,47.5
29.0,52.0
21.5,50.5
23.0,60.0
23.666666666666668,52.0
22.5,48.5
31.0,53.5
46.0,98.0
32.0,50.5
20.0,49.0
43.0,89.0
20.0,50.333333333333336
20.0,32.0
21.0,54.0
24.5,47.75
18.0,51.0
28.2,53.0
20.0,50.0
24.5,48.5
21.0,47.666666666666664
22.0,58.0
23.0,49.0
33.0,70.0
19.666666666666668,51.333333333333336
20.0,32.0
22.0,49.0
23.0,50.25
30.0,51.333333333333336
23.0,71.0
28.0,49.0
23.0,60.0
22.2,49.0
21.0,56.0
19.5,51.0
22.0,57.0
32.0,51.5
23.5,66.5
26.5,51.0
32.0,52.0
23.0,59.0
32.0,57.5
23.0,50.333333333333336
31.5,65.0
23.0,59.0
26.333333333333332,49.666666666666664
42.0,88.0
23.714285714285715,49.142857142857146
20.0,53.0
32.0,65.5
21.5,56.5
31.5,51.0
25.0,63.0
20.5,53.5
24.333333333333332,63.333333333333336
20.5,54.5
29.0,51.0
20.666666666666668,49.0
25.0,49.5
25.0,66.0
32.5,58.0
23.0,66.0
24.333333333333332,48.333333333333336
24.0,67.0
21.5,46.5
21.5,53.5
22.0,45.0
28.0,51.333333333333336
22.5,52.5
33.0,52.0
23.5,49.0
21.5,56.0
24.0,63.0
30.0,49.5
22.333333333333332,50.666666666666664
25.0,69.0
21.666666666666668,56.0
24.5,64.5
26.5,47.0
22.5,53.0
33.0,54.5
21.666666666666668,56.333333333333336
76.0,69.0
21.333333333333332,52.0
32.0,51.0
23.5,51.0
33.0,59.0
22.0,48.8
33.0,52.5
32.5,59.0
22.0,52.0
33.0,52.5
25.5,48.5
32.666666666666664,54.666666666666664
19.5,51.5
31.0,62.0
28.0,49.0
23.0,58.5
39.0,91.0
22.666666666666668,52.333333333333336
28.5,50.0
33.0,58.0
24.666666666666668,50.666666666666664
32.0,70.0
31.0,50.0
31.666666666666668,53.666666666666664
25.0,62.0
21.5,50.5
32.5,57.5
22.666666666666668,47.0
23.0,66.0
27.5,53.0
22.0,52.5
31.0,52.0
74.0,59.0
24.333333333333332,50.0
32.0,64.5
33.0,59.0
28.0,50.0
21.333333333333332,48.0
22.333333333333332,54.0
31.5,57.5
30.666666666666668,52.0
33.0,69.0
23.0,50.5
31.0,65.0
19.5,50.0
26.0,63.0
25.0,47.0
31.0,52.0
25.5,50.0
38.0,91.0
24.0,51.5
31.5,55.5
23.5,53.5
22.0,50.0
33.0,53.666666666666664
29.0,49.0
24.0,56.333333333333336
25.0,67.0
20.0,51.0
28.0,57.5
25.0,52.0
30.5,50.5
75.0,50.0
31.5,53.0
2.0,71.0
33.0,58.0
23.333333333333332,51.333333333333336
24.0,70.0
26.75,50.0
33.0,58.0
23.333333333333332,51.0
30.0,53.0
23.0,46.5
22.0,55.0
30.0,50.0
41.5,89.5
24.5,52.5
33.0,70.0
32.0,50.5
36.0,76.0
21.0,50.5
33.0,58.5
46.0,102.0
21.5,51.0
24.5,61.5
32.0,52.5
22.0,49.0
33.0,61.0
23.5,55.0
23.5,49.0
22.0,55.0
31.666666666666668,50.0
30.5,62.0
31.0,51.0
39.0,91.0
27.333333333333332,48.666666666666664
23.666666666666668,53.333333333333336
34.0,51.0
24.0,52.0
58.0,58.0
34.0,51.5
28.666666666666668,51.666666666666664
57.0,58.0
22.333333333333332,52.0
28.0,46.0
26.0,50.666666666666664
33.0,52.0
7.0,46.0
33.0,55.0
22.0,49.5
32.5,54.0
21.0,52.0
33.0,62.5
34.0,51.0
23.5,54.0
26.666666666666668,47.0
30.0,61.0
25.0,49.0
33.0,52.5
23.666666666666668,65.33333333333333
69.0,56.0
27.0,50.0
33.0,67.0
29.5,49.0
25.0,70.0
23.5,50.0
33.0,50.0
33.0,63.0
25.666666666666668,48.666666666666664
31.5,49.0
26.25,46.75
33.0,63.0
22.5,51.5
34.0,59.0
22.5,54.5
23.0,64.0
27.0,50.666666666666664
32.0,59.5
25.0,61.0
22.666666666666668,55.0
33.0,56.0
28.5,48.5
33.0,61.0
24.5,45.0
34.0,57.0
23.666666666666668,48.666666666666664
29.0,46.0
23.5,56.0
34.0,58.0
26.0,67.0
23.0,50.5
30.0,49.666666666666664
22.25,51.75
24.0,69.0
23.0,54.5
24.0,46.0
25.0,69.0
21.0,51.0
27.285714285714285,48.57142857142857
25.0,58.0
34.0,50.0
23.0,58.0
34.0,52.666666666666664
33.5,62.5
21.0,51.0
26.5,50.5
40.0,91.0
34.5,54.5
30.25,50.25
32.0,61.0
24.666666666666668,50.333333333333336
34.0,59.0
34.0,54.5
23.0,66.0
24.5,47.0
35.0,51.0
23.5,52.25
23.0,72.0
28.333333333333332,47.333333333333336
33.0,52.0
23.0,51.0
34.5,51.0
26.0,53.0
27.0,46.0
25.0,52.0
32.333333333333336,51.666666666666664
46.0,104.0
24.0,49.0
59.0,56.0
29.333333333333332,49.0
33.333333333333336,53.0
27.75,47.25
25.0,59.0
32.5,52.0
26.0,59.0
26.0,49.25
25.0,58.0
24.0,48.5
33.666666666666664,52.0
23.5,49.5
17.0,108.0
28.666666666666668,47.0
26.0,54.0
7.0,46.0
31.5,47.5
27.5,48.5
34.333333333333336,58.666666666666664
33.0,49.0
34.5,56.0
24.333333333333332,52.0
24.0,73.0
23.5,53.0
25.0,65.5
31.0,69.0
26.5,49.0
26.0,60.0
31.0,48.6
25.666666666666668,46.666666666666664
34.0,61.0
25.0,48.333333333333336
33.5,49.5
35.0,56.0
27.0,48.0
25.0,55.5
23.0,49.0
34.0,50.5
29.0,45.0
27.0,50.0
25.0,65.5
34.0,52.5
24.5,47.5
23.0,52.0
28.5,48.5
36.0,50.5
23.666666666666668,51.333333333333336
33.5,52.0
29.333333333333332,48.666666666666664
25.0,49.0
35.666666666666664,55.0
29.5,46.0
36.0,53.0
22.5,47.0
29.5,48.0
29.0,91.0
26.25,50.5
26.0,47.0
41.0,88.0
34.5,52.5
34.0,67.5
36.0,54.5
24.0,48.5
34.0,51.0
25.666666666666668,57.333333333333336
34.0,52.0
25.5,47.0
34.5,62.0
28.0,51.0
32.5,50.5
25.0,50.5
25.0,57.0
26.5,46.0
35.5,58.5
30.333333333333332,51.0
45.0,92.0
26.0,52.0
26.0,48.0
34.5,55.5
31.0,50.5
27.0,46.5
26.0,52.75
32.0,48.5
24.0,46.0
72.0,46.0
32.0,49.5
34.0,62.0
27.666666666666668,48.333333333333336
24.0,52.0
33.5,49.0
33.0,67.0
34.5,51.0
26.0,51.5
34.0,67.0
26.0,47.5
35.0,61.0
25.5,49.0
33.0,50.0
27.0,49.5
36.0,58.0
26.666666666666668,49.666666666666664
34.0,72.0
24.0,48.0
24.0,58.0
33.0,63.5
24.0,47.5
26.0,60.0
27.0,46.5
44.0,90.0
25.0,55.0
28.0,46.0
33.0,61.0
34.25,50.0
26.0,59.0
26.5,48.5
34.0,49.0
28.0,46.333333333333336
40.0,87.0
31.0,59.0
34.0,71.0
36.5,51.0
25.0,61.0
28.0,49.0
25.0,55.5
78.0,47.0
27.666666666666668,46.666666666666664
25.666666666666668,51.333333333333336
28.0,63.0
24.5,48.0
28.0,61.0
34.5,49.5
26.0,52.5
36.0,59.0
32.0,50.0
37.0,56.0
25.5,52.0
33.0,49.0
26.5,50.0
35.0,54.0
32.333333333333336,50.333333333333336
26.5,51.5
37.0,55.0
29.5,48.5
35.666666666666664,54.666666666666664
25.5,69.0
26.0,59.0
27.0,50.5
32.0,51.333333333333336
26.0,55.5
27.5,51.5
25.0,57.0
27.333333333333332,47.0
26.5,53.5
37.0,56.0
26.5,52.5
37.0,57.0
26.5,57.5
26.0,64.0
25.333333333333332,47.0
35.5,56.0
26.333333333333332,46.666666666666664
24.0,74.0
26.0,48.5
34.0,51.0
35.0,60.0
36.5,53.5
83.0,56.0
35.0,61.5
26.0,49.333333333333336
34.0,70.0
33.0,47.0
27.0,49.333333333333336
34.75,49.75
28.0,45.0
34.0,50.5
11.0,83.0
26.5,48.0
35.5,53.0
26.5,69.0
26.0,58.0
26.0,48.0
39.0,92.0
26.5,48.5
11.0,83.0
35.5,50.5
27.0,66.0
37.0,55.5
26.0,55.0
27.666666666666668,47.333333333333336
42.0,89.0
31.0,50.333333333333336
29.5,51.0
32.0,47.5
36.0,57.5
32.0,50.0
25.0,47.5
44.0,89.0
35.0,60.333333333333336
25.5,62.0
29.5,46.5
35.5,62.0
26.333333333333332,47.333333333333336
31.5,46.5
25.5,51.0
34.0,64.0
36.5,50.5
11.0,83.0
37.5,51.0
29.5,46.5
37.5,54.5
25.5,52.0
35.0,73.0
27.0,58.5
36.0,51.666666666666664
27.0,46.0
35.0,50.0
27.5,62.5
64.0,55.0
27.666666666666668,48.0
28.0,51.0
35.5,53.5
26.0,52.0
28.5,44.0
25.0,78.0
36.0,52.0
24.75,49.5
36.0,51.5
33.0,46.0
35.0,57.333333333333336
31.0,46.333333333333336
34.25,51.5
24.0,51.5
25.5,62.5
46.0,103.0
29.4,49.2
27.0,56.5
24.0,75.0
36.5,54.5
28.0,48.0
27.0,59.0
71.5,63.5
28.5,53.5
35.0,74.0
34.5,49.5
89.0,49.0
33.666666666666664,49.666666666666664
27.0,47.0
38.5,54.0
29.5,46.0
36.5,61.0
25.0,49.0
33.5,60.5
35.0,65.0
38.0,55.5
28.0,63.0
29.0,45.0
27.0,52.0
37.0,51.0
28.8,48.8
28.0,59.0
27.666666666666668,49.666666666666664
42.0,82.0
33.0,47.5
25.0,50.0
36.4,52.2
28.0,48.0
28.0,52.0
37.5,54.0
25.0,87.0
26.25,54.5
5.0,51.0
35.5,52.5
36.0,61.0
37.666666666666664,51.0
65.0,45.0
45.0,95.5
25.0,75.0
38.0,53.0
29.0,52.5
32.0,49.0
36.5,61.0
29.0,64.0
36.333333333333336,50.666666666666664
21.0,56.0
30.0,44.5
28.5,62.0
33.0,49.0
37.5,54.5
35.0,71.0
31.5,49.75
21.0,56.0
29.5,47.5
37.0,60.0
30.0,48.5
7.0,99.0
29.0,50.5
37.5,52.5
27.0,52.0
37.333333333333336,58.0
30.0,53.0
29.0,47.5
33.0,63.0
39.0,55.5
31.5,64.5
33.333333333333336,50.833333333333336
68.0,49.0
35.0,50.5
35.0,70.0
35.5,49.0
27.0,49.0
38.0,52.5
38.0,59.0
37.0,51.5
29.0,47.0
39.5,53.0
68.0,49.0
27.5,54.0
39.0,56.0
27.5,62.0
29.333333333333332,48.666666666666664
35.0,76.0
30.0,45.666666666666664
34.5,68.5
1.0,52.0
30.666666666666668,49.666666666666664
37.5,49.5
27.5,58.5
30.5,47.5
29.0,63.0
37.0,60.5
28.0,66.0
38.0,54.0
31.75,46.0
36.5,54.0
28.0,62.0
38.5,58.0
37.5,52.5
27.5,69.0
37.5,52.5
28.0,47.5
39.5,55.0
27.5,57.0
29.0,50.0
38.0,54.75
35.5,47.5
27.0,66.0
29.0,49.5
31.0,46.0
28.0,56.5
58.0,59.0
29.5,51.5
38.0,55.5
28.0,58.8
32.0,49.333333333333336
29.0,61.0
37.0,60.0
27.5,60.5
36.5,48.5
29.666666666666668,46.0
36.0,65.0
32.5,47.5
36.0,66.0
34.0,49.0
28.0,69.0
31.5,47.5
38.0,56.0
35.0,92.0
40.0,54.5
31.5,59.5
30.0,49.0
37.0,54.0
29.0,61.5
31.0,86.0
38.5,58.5
33.0,75.0
28.5,51.5
61.0,49.0
28.0,64.5
37.0,52.0
30.5,47.5
27.0,66.0
31.428571428571427,47.285714285714285
35.5,51.5
29.0,55.0
31.0,46.0
28.0,52.0
28.0,62.5
26.0,70.5
75.0,52.0
39.0,54.0
29.0,59.0
39.0,58.0
34.5,50.5
30.0,51.0
37.25,52.75
30.0,47.0
29.5,53.5
37.0,62.0
37.333333333333336,52.333333333333336
26.5,68.5
36.0,46.0
29.666666666666668,52.666666666666664
27.5,66.5
35.666666666666664,50.333333333333336
32.5,70.5
35.5,52.5
34.0,47.0
40.0,53.0
31.0,47.75
28.0,57.0
36.666666666666664,53.333333333333336
45.0,99.0
35.5,55.0
27.0,67.5
37.5,61.0
36.0,49.0
29.333333333333332,53.333333333333336
41.0,53.0
30.333333333333332,49.666666666666664
40.0,56.0
36.0,49.0
40.0,53.666666666666664
32.6,49.0
28.0,64.0
33.0,51.0
38.5,54.0
39.0,60.0
30.5,49.25
29.0,55.0
34.5,64.5
32.0,49.0
30.0,53.5
31.333333333333332,48.166666666666664
37.5,63.5
32.0,46.0
40.5,53.0
30.5,49.5
29.5,63.0
40.0,58.0
32.0,82.0
39.333333333333336,54.0
27.0,65.0
38.333333333333336,56.666666666666664
31.0,47.5
29.0,57.666666666666664
29.0,65.0
29.0,50.5
34.0,47.0
39.0,54.0
29.0,62.0
33.0,47.666666666666664
38.666666666666664,58.666666666666664
35.5,50.5
37.0,63.0
37.0,46.0
40.0,53.0
31.0,62.0
28.5,53.5
40.0,58.0
31.0,48.0
39.0,57.333333333333336
29.0,62.0
35.0,47.0
35.25,53.0
29.0,50.5
36.0,67.0
38.0,53.5
45.0,97.0
39.333333333333336,56.333333333333336
34.5,46.0
29.0,50.0
36.333333333333336,66.66666666666667
29.0,51.0
39.5,51.5
35.0,56.0
39.333333333333336,51.666666666666664
40.0,59.0
30.0,49.0
36.5,48.0
30.333333333333332,51.666666666666664
26.0,73.0
37.0,49.333333333333336
38.0,62.0
30.5,54.0
39.0,56.5
31.0,49.0
39.5,60.5
26.0,78.0
36.5,51.0
32.0,48.5
38.0,47.0
29.5,52.0
16.0,48.0
32.0,52.5
34.0,50.0
39.0,54.0
31.0,54.5
26.0,77.0
37.0,52.0
41.5,53.0
39.5,61.0
30.5,50.5
29.0,62.0
34.5,45.5
37.0,64.0
32.0,51.0
75.0,51.0
39.333333333333336,52.666666666666664
40.5,58.5
37.0,50.5
29.333333333333332,55.333333333333336
39.0,60.0
37.0,46.0
15.0,47.0
30.5,52.0
38.5,62.0
34.5,49.0
39.333333333333336,55.333333333333336
28.0,70.0
34.0,46.0
28.5,65.0
32.0,49.0
40.5,53.5
37.0,66.0
31.0,51.5
39.666666666666664,57.0
35.0,49.5
38.75,50.5
30.0,57.0
40.0,56.25
36.0,46.0
39.0,52.5
36.5,67.0
57.0,56.0
40.5,53.5
40.0,60.0
36.0,47.0
42.0,54.0
30.0,51.0
40.0,61.0
34.666666666666664,48.666666666666664
46.0,96.0
41.0,54.0
28.5,67.5
40.5,56.0
39.0,62.0
40.5,50.5
29.0,69.0
38.5,49.5
40.0,63.0
29.5,54.0
32.5,47.5
36.5,67.5
27.0,69.0
32.75,53.0
30.0,62.0
37.25,50.0
30.0,61.0
33.0,48.5
29.0,51.0
41.0,54.666666666666664
34.5,53.5
40.0,51.5
32.5,50.0
40.0,56.0
31.0,49.5
31.0,57.666666666666664
40.0,61.0
36.0,49.666666666666664
32.5,50.0
33.5,46.5
40.0,56.0
37.0,63.0
32.333333333333336,51.333333333333336
31.0,53.0
39.333333333333336,61.333333333333336
31.0,53.0
40.666666666666664,57.333333333333336
38.0,63.5
29.0,64.0
30.0,50.5
36.0,70.0
39.0,52.5
75.0,51.0
41.0,56.0
33.0,52.0
41.0,57.0
41.0,52.0
32.5,48.5
33.0,51.5
29.0,58.0
39.0,61.333333333333336
35.5,50.5
41.5,55.5
37.0,52.0
30.5,63.0
30.5,49.5
41.0,61.0
36.0,46.5
41.0,55.0
37.0,66.0
39.5,49.5
40.333333333333336,52.666666666666664
31.0,64.0
35.5,48.5
30.5,57.0
30.0,48.5
61.0,49.0
31.0,57.0
35.333333333333336,47.666666666666664
30.0,59.0
41.0,53.25
32.0,54.0
60.5,49.0
43.0,56.0
78.0,85.0
34.0,49.0
40.333333333333336,53.666666666666664
36.0,47.0
26.0,73.0
41.0,57.0
40.0,49.0
41.5,54.5
35.5,46.5
42.5,51.5
39.0,48.5
40.5,60.5
41.0,59.0
35.0,48.0
42.5,50.5
38.0,52.0
30.5,59.0
26.0,89.0
42.0,55.0
33.0,46.0
38.5,64.0
31.0,58.0
38.666666666666664,49.0
25.5,89.5
35.0,53.0
41.0,60.0
39.5,55.0
33.0,46.0
42.5,57.0
25.0,90.0
34.5,48.5
40.666666666666664,57.333333333333336
31.0,56.0
42.5,55.5
34.75,48.5
42.666666666666664,54.333333333333336
35.666666666666664,46.0
42.5,57.0
32.0,51.0
38.0,66.5
31.5,54.5
41.0,89.0
33.6,48.8
42.0,59.0
35.0,49.5
35.0,68.0
41.666666666666664,51.0
38.5,65.5
31.0,57.0
41.0,53.0
34.0,47.0
31.0,56.0
40.666666666666664,57.0
40.5,48.5
41.0,62.0
31.5,53.0
39.0,49.666666666666664
31.0,60.5
28.5,69.0
40.5,54.0
31.0,63.0
42.0,55.0
31.5,56.0
40.0,48.0
41.666666666666664,53.333333333333336
32.0,53.5
29.0,65.0
34.0,51.0
42.666666666666664,57.333333333333336
41.0,48.0
40.5,54.0
40.0,63.0
35.0,50.333333333333336
45.0,98.0
34.5,48.5
25.0,77.0
38.0,48.0
39.0,64.5
31.5,52.0
41.0,49.0
34.5,53.0
36.0,74.0
42.0,55.5
39.0,48.0
40.5,62.0
33.0,54.0
41.0,54.5
33.5,51.5
37.0,49.0
41.0,56.0
35.0,49.0
28.0,90.0
43.0,53.5
34.0,51.666666666666664
32.666666666666664,53.666666666666664
35.333333333333336,47.0
42.5,59.0
39.666666666666664,52.333333333333336
33.0,49.0
42.5,54.5
36.0,51.0
41.0,56.5
35.0,51.0
72.0,50.0
39.42857142857143,48.714285714285715
42.0,56.0
35.5,47.0
44.0,57.5
36.0,52.0
44.5,55.5
42.0,50.0
36.0,47.0
34.0,56.0
41.0,48.0
29.0,66.0
41.333333333333336,61.0
33.0,53.0
34.5,49.5
40.666666666666664,59.0
40.666666666666664,55.666666666666664
35.5,48.5
32.0,57.0
41.0,51.0
32.0,59.0
40.0,47.0
61.0,49.0
34.0,50.5
39.0,53.0
35.0,49.333333333333336
32.0,64.0
42.5,54.0
36.333333333333336,48.0
43.0,55.0
34.0,54.0
25.0,54.0
42.0,59.333333333333336
40.5,49.5
42.0,56.0
34.4,52.2
32.0,62.0
35.0,50.5
87.0,84.0
40.0,61.5
42.0,51.5
34.0,50.5
31.0,65.0
44.5,57.5
41.5,53.0
37.0,65.0
39.5,55.5
32.5,58.5
34.5,49.5
43.333333333333336,59.333333333333336
13.0,84.0
42.5,56.5
33.5,52.0
38.0,47.0
38.0,50.5
36.5,49.0
40.0,64.0
36.666666666666664,49.0
43.0,61.0
41.0,54.666666666666664
36.0,51.0
41.0,50.666666666666664
34.0,51.0
34.5,55.5
39.5,49.5
33.5,54.5
39.0,53.0
44.0,57.0
36.0,50.0
31.0,61.5
40.0,65.0
41.0,51.5
33.5,53.5
39.0,65.0
41.5,49.0
41.4,56.6
67.0,66.0
41.0,48.5
38.5,47.5
36.0,68.0
44.0,59.0
75.0,54.0
41.666666666666664,50.333333333333336
8.0,89.0
39.0,55.5
36.0,50.0
42.5,54.0
36.5,51.0
45.0,56.0
43.0,49.0
36.0,53.5
43.0,53.0
38.5,50.0
43.5,53.5
40.0,65.0
40.5,47.5
36.333333333333336,50.666666666666664
32.0,60.0
40.5,49.75
43.5,57.0
61.0,49.0
41.0,51.5
34.0,51.5
42.25,53.5
30.0,69.0
43.0,57.0
39.0,66.0
35.333333333333336,53.666666666666664
43.0,59.0
43.333333333333336,56.333333333333336
37.0,49.25
43.0,53.0
43.5,60.5
29.0,69.0
43.666666666666664,54.333333333333336
33.0,75.0
37.75,50.75
42.0,63.0
36.5,70.0
27.0,67.0
43.5,53.5
0.0,96.0
34.25,52.5
42.0,54.0
43.0,61.0
41.5,50.5
43.0,57.0
40.6,50.8
38.0,67.0
37.0,49.333333333333336
42.666666666666664,61.666666666666664
41.0,56.0
33.666666666666664,53.666666666666664
63.0,94.0
25.5,76.5
41.5,54.5
30.0,65.0
33.0,51.0
42.666666666666664,50.666666666666664
34.5,53.0
38.0,69.0
43.5,52.5
37.0,51.25
44.0,61.0
39.666666666666664,50.0
43.0,57.0
44.0,51.0
38.0,49.0
43.666666666666664,56.333333333333336
35.0,51.0
44.0,57.333333333333336
38.0,46.0
40.5,53.0
24.0,85.0
40.333333333333336,48.0
38.0,50.0
42.333333333333336,48.0
43.0,56.5
33.0,59.0
23.0,58.0
39.0,46.5
40.333333333333336,52.333333333333336
44.0,56.0
35.333333333333336,53.666666666666664
33.0,62.0
39.714285714285715,50.142857142857146
44.0,51.0
46.333333333333336,57.0
43.5,62.0
44.0,52.0
43.0,57.333333333333336
39.0,53.166666666666664
41.5,47.5
36.5,51.5
37.0,72.0
42.0,52.75
41.0,63.0
33.5,56.5
35.333333333333336,50.0
44.0,61.0
45.0,49.5
34.5,56.5
40.5,51.0
41.0,65.0
39.5,49.0
34.5,53.0
45.0,57.5
37.5,52.5
43.8,58.8
36.5,51.5
46.0,58.0
34.5,56.5
25.0,54.0
43.5,57.0
40.75,47.75
44.5,52.5
35.0,52.5
34.0,57.0
39.0,48.5
44.0,58.0
34.5,54.5
43.0,51.5
35.0,89.0
41.0,49.0
83.0,56.0
33.0,59.0
43.0,58.0
37.0,49.5
34.0,56.0
42.5,49.0
44.333333333333336,59.0
39.0,49.5
33.0,61.0
38.666666666666664,54.0
41.0,47.5
44.333333333333336,56.0
33.0,60.0
41.0,52.666666666666664
44.0,62.0
38.333333333333336,50.666666666666664
105.0,95.0
44.5,57.5
33.0,60.0
41.5,64.0
40.0,80.0
42.5,49.5
41.0,64.0
36.333333333333336,53.0
43.0,52.5
40.0,91.0
41.0,53.333333333333336
33.0,63.0
45.0,57.5
42.0,48.0
45.0,59.5
36.0,57.0
44.0,59.0
34.0,58.0
44.0,52.333333333333336
40.0,91.0
41.333333333333336,52.5
44.0,61.0
40.75,50.5
38.0,75.0
45.5,51.5
36.5,51.0
34.333333333333336,57.0
28.0,89.0
43.75,54.75
45.0,61.0
33.0,61.0
40.5,54.0
75.0,57.0
42.0,47.0
15.0,64.0
40.5,65.5
37.0,49.0
46.0,50.5
40.0,66.0
44.333333333333336,55.333333333333336
30.0,67.0
39.5,49.0
41.5,49.5
15.0,64.0
37.0,52.5
43.5,50.75
43.333333333333336,58.0
44.0,51.666666666666664
45.5,60.5
40.0,50.666666666666664
41.0,66.0
40.5,54.0
47.5,58.5
37.5,52.5
43.5,53.0
74.0,56.0
38.0,52.0
44.5,50.5
37.0,56.0
39.5,65.0
45.0,48.0
44.666666666666664,51.666666666666664
34.5,56.0
42.5,53.0
41.0,48.0
37.0,52.5
44.5,60.5
44.5,49.0
44.0,58.0
43.5,51.0
34.0,58.5
41.5,49.0
42.0,57.0
39.0,51.0
42.5,54.0
36.0,64.0
41.0,50.333333333333336
45.0,62.0
41.0,53.4
45.5,58.5
39.666666666666664,50.333333333333336
46.0,58.0
41.5,49.0
34.0,60.0
44.0,49.666666666666664
38.5,51.0
43.0,48.0
45.5,55.5
40.333333333333336,51.333333333333336
43.0,64.0
43.666666666666664,54.666666666666664
29.0,91.0
46.0,60.666666666666664
44.75,54.0
45.0,59.5
38.5,51.5
40.5,51.5
46.0,58.0
37.0,74.0
45.0,56.5
42.5,49.0
45.0,59.0
47.0,50.0
44.0,63.5
44.5,47.5
46.5,56.5
41.0,66.0
40.5,52.0
44.0,57.0
43.0,49.0
43.5,61.0
34.0,58.0
43.0,65.0
40.0,53.333333333333336
57.0,54.0
46.5,57.5
39.5,52.0
45.0,52.5
34.0,58.0
44.75,51.75
44.0,50.666666666666664
33.0,58.0
44.5,60.5
41.5,51.0
34.0,58.5
43.5,48.5
43.333333333333336,54.333333333333336
43.5,48.0
38.0,54.0
44.0,60.0
43.0,50.5
42.5,64.0
42.0,56.0
42.0,48.5
46.5,54.0
44.0,59.0
40.5,53.75
39.5,67.5
43.0,54.0
39.6,53.8
40.0,65.5
38.5,52.0
47.0,59.5
45.5,51.25
42.666666666666664,55.333333333333336
36.8,53.6
45.5,51.0
33.0,62.0
41.0,53.5
46.5,58.0
37.666666666666664,52.333333333333336
32.0,58.0
44.5,56.5
43.0,49.5
46.0,62.0
40.0,54.0
29.0,90.0
45.5,51.0
42.5,52.5
43.333333333333336,58.666666666666664
2.0,71.0
46.0,52.0
38.0,52.0
47.0,59.0
39.5,53.5
34.5,64.5
40.0,54.0
47.0,61.0
39.5,51.5
45.0,50.333333333333336
45.0,60.5
45.5,51.5
36.0,56.5
45.0,62.0
34.0,58.5
46.333333333333336,52.666666666666664
44.0,60.0
39.5,53.5
46.0,62.0
37.0,54.0
47.0,55.0
46.0,62.0
42.0,62.0
43.5,51.0
44.0,62.5
46.5,57.0
44.0,65.0
45.333333333333336,49.666666666666664
46.5,57.5
42.75,52.25
33.0,90.0
42.5,56.0
21.0,46.0
41.5,52.0
45.0,56.5
64.0,46.0
37.0,54.5
47.0,54.666666666666664
42.0,64.0
41.0,52.5
32.0,56.0
45.5,50.5
38.25,54.75
45.0,101.0
45.0,50.5
40.0,91.0
45.0,50.0
35.0,59.5
44.0,59.0
43.0,53.5
39.0,92.0
36.25,54.25
46.5,62.0
29.0,64.0
45.5,53.5
47.0,60.0
39.0,52.0
33.0,63.0
46.0,59.0
39.5,51.5
47.0,62.0
45.5,51.5
36.5,51.5
45.333333333333336,54.0
45.5,50.0
33.5,62.5
48.0,59.5
43.0,48.0
44.666666666666664,53.0
39.0,55.333333333333336
47.0,53.5
37.666666666666664,51.333333333333336
46.0,59.5
46.5,52.5
45.333333333333336,60.666666666666664
46.333333333333336,50.666666666666664
37.0,88.0
46.5,59.0
46.5,53.0
36.5,51.0
44.0,50.5
33.0,63.0
39.333333333333336,53.333333333333336
48.0,50.0
36.0,55.5
47.0,56.0
39.5,51.0
48.0,57.5
37.0,52.0
46.0,60.333333333333336
46.5,52.5
46.0,57.666666666666664
42.5,51.0
37.5,51.5
47.0,57.0
43.5,51.5
46.333333333333336,57.0
40.0,52.25
49.0,53.0
44.0,58.0
46.0,106.0
39.0,54.5
48.0,55.0
45.0,50.0
60.0,49.0
46.0,59.5
46.0,53.666666666666664
37.0,53.0
43.0,65.0
43.5,50.75
44.0,65.0
44.666666666666664,54.0
40.0,53.333333333333336
44.75,54.75
39.0,69.0
42.5,54.0
46.333333333333336,61.666666666666664
34.0,63.0
40.5,53.0
39.5,52.0
28.0,87.0
41.333333333333336,51.666666666666664
49.0,61.0
44.0,52.5
47.0,62.0
44.25,51.0
46.6,58.2
39.0,52.5
48.5,53.0
34.5,60.5
43.5,52.0
46.0,63.666666666666664
37.5,53.5
48.5,61.0
46.5,53.5
37.0,55.0
46.0,56.0
46.0,60.5
48.0,51.0
44.5,57.0
45.666666666666664,51.666666666666664
42.0,66.0
45.666666666666664,54.0
38.0,91.0
46.0,53.8
37.0,55.0
47.5,54.0
47.0,59.0
44.0,51.0
44.8,57.0
45.0,64.0
36.0,58.0
44.5,52.5
51.0,76.0
46.0,51.0
48.0,62.0
41.0,53.333333333333336
35.0,60.0
47.142857142857146,53.142857142857146
36.0,58.5
36.0,91.0
46.0,58.0
46.0,51.0
45.5,64.5
45.666666666666664,53.0
40.5,51.0
48.0,56.333333333333336
46.5,53.0
26.0,89.0
40.5,55.5
47.5,58.0
40.5,52.5
49.0,54.0
43.0,50.5
48.0,53.0
41.5,53.5
46.0,55.0
34.5,62.0
47.5,62.5
46.166666666666664,56.5
35.5,60.0
48.666666666666664,51.666666666666664
47.0,60.5
48.0,54.666666666666664
44.0,59.0
40.0,52.0
48.5,52.0
39.0,52.0
48.5,52.0
40.5,54.0
15.0,47.0
44.75,50.5
15.0,47.0
47.285714285714285,55.857142857142854
42.0,52.0
37.0,56.5
44.0,53.0
46.0,60.0
38.666666666666664,55.0
40.75,52.25
49.0,54.0
43.333333333333336,53.333333333333336
46.0,59.0
43.5,51.5
49.0,56.0
47.0,62.333333333333336
45.0,51.0
47.5,62.0
47.666666666666664,51.666666666666664
49.0,56.5
41.666666666666664,51.333333333333336
48.0,50.0
47.0,61.5
49.0,51.0
40.5,53.0
47.0,51.5
41.0,53.5
48.0,53.0
42.0,51.333333333333336
46.5,60.5
26.0,88.0
45.0,52.0
46.5,59.5
49.0,56.0
44.0,52.25
21.0,46.0
47.5,51.5
36.0,60.0
48.5,57.5
89.0,116.0
41.0,53.5
48.0,53.0
48.0,63.0
37.5,57.0
44.0,56.0
48.5,51.0
43.0,51.0
48.666666666666664,59.0
39.0,54.5
51.0,53.0
44.5,52.5
45.0,59.0
42.5,51.5
46.6,53.0
37.0,58.0
42.0,55.0
46.0,61.0
46.75,56.5
45.5,65.0
49.0,52.666666666666664
43.5,54.0
44.5,65.5
49.0,53.5
46.0,64.0
49.5,54.5
42.5,52.75
48.25,53.0
44.5,54.0
38.0,80.0
44.5,51.5
7.0,62.0
45.0,52.0
39.0,53.0
48.0,59.0
41.0,51.5
46.0,63.5
43.0,55.0
49.0,52.5
39.666666666666664,53.333333333333336
73.0,50.0
40.666666666666664,52.0
37.5,57.5
48.6,53.2
37.0,58.0
48.5,58.0
41.5,53.0
71.0,55.0
47.333333333333336,51.666666666666664
43.0,54.0
49.5,56.0
46.0,63.0
49.5,52.5
72.0,54.0
48.0,57.333333333333336
47.0,54.0
59.0,54.0
47.5,56.625
71.0,63.0
42.0,52.5
45.0,51.5
39.0,55.0
48.6,55.4
42.5,54.0
34.0,114.0
41.0,53.0
44.0,66.0
39.0,56.0
37.5,91.0
46.5,64.5
0.0,96.0
33.5,114.0
46.0,54.0
40.5,55.5
112.0,54.0
47.5,52.0
71.0,62.0
46.0,52.0
40.0,55.0
45.0,52.666666666666664
44.6,53.2
6.0,73.0
34.5,63.0
48.0,52.0
34.5,62.5
46.5,62.0
34.0,63.0
40.0,55.5
48.5,61.5
45.5,52.0
37.0,58.0
48.5,53.5
42.0,52.0
48.333333333333336,62.666666666666664
39.0,56.0
46.4,52.2
25.0,87.0
36.0,60.0
49.0,61.0
51.333333333333336,55.333333333333336
46.0,53.5
49.0,60.0
65.0,45.0
38.5,56.5
4.0,120.0
42.0,55.0
2.0,122.0
50.333333333333336,54.0
42.0,73.0
43.5,53.0
43.0,72.0
49.0,55.333333333333336
35.0,61.5
51.0,53.0
43.25,53.25
35.0,62.0
46.0,59.0
11.0,95.0
39.0,86.0
17.0,102.0
44.5,53.0
33.5,90.0
50.5,55.5
32.5,90.0
49.0,57.0
75.0,60.0
33.5,90.0
68.0,48.0
34.5,90.75
84.0,91.0
47.5,59.0
5.0,81.0
49.0,57.0
36.5,90.0
6.0,63.0
35.0,62.5
48.5,51.0
28.0,76.0
45.0,53.0
37.0,90.0
50.0,52.0
48.0,61.0
44.5,52.5
48.5,52.5
50.0,61.0
50.0,53.5
39.0,75.0
46.0,53.666666666666664
40.5,55.5
45.5,53.5
47.5,64.0
41.0,55.0
48.5,62.0
36.0,61.0
50.5,53.0
50.0,62.0
51.0,56.0
38.0,57.5
47.0,61.0
46.5,55.5
49.0,53.0
47.5,61.0
42.666666666666664,53.333333333333336
46.0,60.0
44.0,52.0
49.5,57.5
43.0,66.5
38.0,57.0
49.5,54.75
32.0,65.0
46.833333333333336,53.0
48.5,52.5
50.0,59.5
45.333333333333336,53.0
44.5,49.5
44.0,54.5
43.0,51.0
49.0,52.5
42.333333333333336,53.333333333333336
48.333333333333336,54.666666666666664
48.0,63.0
47.0,56.25
112.0,55.0
49.0,60.0
49.0,50.0
45.5,62.5
47.0,51.75
47.0,59.0
47.6,51.4
42.0,51.5
49.0,53.0
47.666666666666664,61.333333333333336
41.666666666666664,53.0
49.5,57.5
11.0,21.0
40.5,54.0
31.0,68.0
49.0,60.0
44.0,66.0
49.0,53.5
39.5,55.0
46.0,62.5
35.0,61.0
44.0,50.5
47.0,62.0
47.0,52.0
51.0,51.0
49.0,60.5
42.5,56.25
51.0,51.0
4.5,66.0
40.5,53.0
47.0,64.0
46.333333333333336,51.0
45.5,57.5
4.5,66.0
48.5,54.0
43.0,50.0
48.0,56.5
43.0,66.0
47.5,51.5
48.0,63.0
44.4,51.0
47.0,62.0
41.0,66.0
48.666666666666664,57.0
43.0,52.666666666666664
37.0,58.0
44.333333333333336,51.333333333333336
45.5,57.5
49.333333333333336,54.0
47.0,61.5
40.0,54.0
48.5,60.0
42.75,53.0
50.0,61.0
47.666666666666664,56.0
47.0,64.0
47.5,51.5
42.5,52.5
40.0,65.0
41.0,54.0
35.0,60.0
39.666666666666664,53.666666666666664
48.5,55.0
47.0,63.0
45.5,53.0
45.5,64.5
34.0,62.5
45.5,52.0
29.0,90.0
49.5,51.5
27.0,73.0
40.666666666666664,53.333333333333336
47.5,52.0
44.0,51.333333333333336
49.5,52.0
42.0,50.0
49.5,51.5
29.0,90.0
34.0,61.5
47.0,61.5
44.0,51.5
50.0,54.0
47.5,59.5
48.333333333333336,51.666666666666664
42.666666666666664,65.66666666666667
47.5,51.5
48.0,62.0
50.0,51.0
18.0,100.0
48.0,52.0
29.0,90.0
43.0,51.0
49.5,58.0
36.0,58.0
46.0,56.5
47.0,49.0
40.5,52.0
49.0,59.0
37.5,56.5
47.0,59.0
44.333333333333336,51.666666666666664
47.0,59.0
49.5,53.0
49.0,59.0
42.333333333333336,53.333333333333336
46.0,53.0
29.0,70.0
46.5,51.5
46.666666666666664,60.666666666666664
48.0,49.0
49.5,55.5
45.0,50.0
48.333333333333336,58.666666666666664
38.0,71.0
46.5,58.5
34.0,63.0
49.0,61.0
43.5,53.5
47.5,59.0
42.666666666666664,53.333333333333336
45.0,64.0
44.5,54.0
50.5,51.0
45.0,62.0
41.333333333333336,52.333333333333336
48.25,56.5
41.5,65.5
43.666666666666664,53.0
40.0,67.0
49.0,54.5
27.0,58.0
40.5,53.0
46.0,60.0
46.25,52.0
45.75,61.25
44.333333333333336,51.333333333333336
46.5,60.0
45.0,52.0
48.666666666666664,56.333333333333336
43.0,65.0
49.5,56.5
30.0,67.0
44.333333333333336,51.333333333333336
45.5,54.0
31.0,68.0
47.0,53.333333333333336
44.0,64.0
46.0,54.5
27.0,59.0
38.0,70.5
44.5,51.0
49.0,60.0
41.0,51.5
49.0,51.0
44.5,51.5
45.5,62.0
50.0,50.0
43.5,52.5
47.25,51.75
45.0,61.0
46.0,51.0
42.0,51.666666666666664
48.5,51.5
49.0,55.0
33.5,62.0
46.0,54.5
36.5,57.0
51.0,53.0
41.5,49.5
49.0,55.0
42.42857142857143,52.285714285714285
46.0,63.0
44.5,53.0
34.0,63.0
44.0,52.285714285714285
50.0,52.0
